typing_speed_wpm,keypress_duration_ms,pause_duration_ms,error_rate,backspace_count,avg_word_length,sentence_length,exclamation_freq,emotion
60.21,95.23,160.88,0.0139,0.0,6.31,15.7,0.058,Calm
88.09,52.43,88.65,0.0785,2.9,3.87,9.1,0.63,Angry
75.05,71.05,144.39,0.0256,3.4,5.3,14.1,0.303,Happy
49.98,95.05,434.78,0.0595,2.8,4.75,9.6,0.0,Sad
64.1,77.79,168.43,0.0376,1.5,4.91,11.4,0.14,Happy
57.76,93.6,210.27,0.0177,2.0,4.88,13.3,0.115,Calm
45.68,117.49,294.46,0.0459,2.8,4.46,9.5,0.036,Sad
49.45,90.5,202.95,0.0319,0.4,5.37,14.3,0.008,Calm
33.61,124.24,513.48,0.0002,5.9,4.7,4.6,0.018,Sad
77.37,53.22,117.42,0.0745,11.9,5.11,9.3,0.871,Angry
81.37,76.15,76.13,0.1441,7.0,5.3,13.4,0.771,Angry
71.86,78.4,149.43,0.02,2.0,5.06,12.6,0.435,Happy
54.44,98.31,185.38,0.0253,0.3,5.88,11.8,0.848,Happy
95.68,52.71,76.0,0.142,10.1,5.9,8.2,0.985,Angry
49.17,87.48,117.82,0.0324,4.1,4.74,6.9,0.543,Happy
64.88,85.79,153.59,0.0203,3.2,5.12,11.9,0.413,Happy
34.65,137.19,587.93,0.0357,3.4,4.46,7.8,0.058,Sad
83.63,61.77,64.76,0.1063,10.1,4.26,12.5,1.0,Angry
82.01,46.04,71.73,0.101,9.9,4.6,12.2,1.0,Angry
45.74,118.72,334.7,0.0516,5.3,4.58,3.8,0.026,Sad
42.27,133.14,353.08,0.0545,5.1,3.27,9.3,0.04,Sad
70.07,62.79,67.84,0.0696,4.3,5.1,7.0,0.945,Angry
82.54,73.42,69.47,0.0843,5.5,5.41,6.9,0.897,Angry
34.74,126.98,394.08,0.041,4.3,4.05,4.7,0.069,Sad
53.97,72.69,149.01,0.0479,1.5,5.31,12.0,0.838,Happy
61.51,79.34,212.99,0.0275,1.6,4.88,13.5,0.564,Happy
80.41,36.29,68.59,0.0646,7.1,3.97,11.8,0.786,Angry
30.51,164.38,328.29,0.0544,5.2,4.16,8.7,0.013,Sad
40.86,123.84,332.91,0.0323,4.8,5.24,5.7,0.064,Sad
57.29,123.89,458.48,0.037,0.9,4.4,6.5,0.038,Sad
34.62,117.76,439.3,0.0428,3.8,4.94,3.2,0.09,Sad
88.72,65.71,91.79,0.0204,9.7,4.28,11.1,0.911,Angry
72.33,55.76,55.35,0.1286,10.4,5.97,12.7,0.77,Angry
75.22,62.11,55.0,0.092,7.1,4.99,5.7,0.98,Angry
23.41,164.49,377.0,0.0557,3.9,4.25,5.9,0.06,Sad
45.21,145.93,401.21,0.0305,5.0,4.51,3.0,0.073,Sad
43.89,134.16,296.59,0.0394,3.1,4.45,7.9,0.063,Sad
67.32,100.75,176.13,0.0267,3.2,5.0,7.9,0.398,Happy
44.01,125.31,403.06,0.021,3.6,4.47,12.2,0.017,Sad
88.49,53.92,69.72,0.064,10.6,4.81,8.3,0.661,Angry
53.6,97.02,180.2,0.0098,0.1,5.08,13.4,0.111,Calm
58.34,84.71,133.43,0.0363,2.2,4.44,15.1,0.959,Happy
57.83,107.72,211.12,0.0115,1.5,4.95,16.1,0.104,Calm
40.07,99.67,518.15,0.0266,4.3,3.84,5.8,0.025,Sad
54.23,89.91,219.41,0.0115,1.7,5.21,12.2,0.068,Calm
35.65,136.85,524.33,0.0671,4.6,4.78,7.1,0.067,Sad
48.94,124.52,380.53,0.044,6.9,5.48,11.4,0.045,Sad
63.21,87.14,164.2,0.0293,1.2,4.44,11.1,0.771,Happy
61.23,82.32,106.56,0.0159,1.3,5.09,12.6,0.895,Happy
69.97,76.3,161.31,0.0297,3.1,5.17,8.5,0.852,Happy
66.15,72.98,80.75,0.1328,6.9,3.03,8.5,0.959,Angry
54.36,111.06,194.33,0.023,2.6,5.34,18.1,0.2,Calm
33.77,125.41,268.84,0.0422,5.5,4.22,8.3,0.044,Sad
69.29,71.02,150.85,0.0299,3.1,5.44,11.9,0.764,Happy
65.1,98.93,156.49,0.0188,0.6,5.76,11.3,0.085,Calm
30.36,147.8,413.75,0.0611,2.2,3.96,8.2,0.022,Sad
61.68,94.29,203.42,0.0172,2.1,5.81,14.7,0.128,Calm
42.61,107.22,184.01,0.0216,1.5,5.07,11.5,0.05,Calm
53.12,105.31,188.48,0.0243,1.4,5.48,13.2,0.167,Calm
27.36,73.36,363.91,0.061,5.8,4.22,6.2,0.085,Sad
32.5,102.38,424.31,0.0644,3.7,5.37,4.3,0.071,Sad
61.97,77.96,132.55,0.0199,1.4,4.59,12.1,0.446,Happy
68.23,79.76,122.89,0.0332,0.8,5.79,11.1,0.64,Happy
70.69,84.44,139.17,0.0416,0.9,5.51,13.2,0.538,Happy
72.6,65.15,73.38,0.0393,0.6,5.09,9.7,0.24,Happy
53.38,81.1,254.08,0.041,1.5,6.36,14.2,0.081,Calm
65.96,85.14,171.35,0.0188,0.5,5.84,12.7,0.45,Happy
34.49,102.55,425.84,0.0488,4.8,4.18,9.4,0.024,Sad
40.27,119.35,467.17,0.0228,2.6,3.92,9.2,0.078,Sad
50.99,134.48,372.29,0.0178,3.6,4.3,8.9,0.064,Sad
41.44,141.4,415.64,0.048,4.7,2.98,8.4,0.054,Sad
62.21,76.51,140.35,0.0508,2.4,5.42,14.1,0.648,Happy
56.05,93.48,232.37,0.0323,0.3,5.26,15.6,0.077,Calm
62.84,87.18,195.07,0.0307,3.6,4.51,8.6,0.589,Happy
77.75,74.89,120.31,0.0287,2.1,5.75,8.6,0.906,Happy
39.02,117.72,411.28,0.0818,5.0,3.82,6.8,0.026,Sad
63.93,80.15,126.45,0.0365,1.9,5.41,10.2,0.513,Happy
60.89,69.41,148.12,0.0396,1.0,5.45,10.9,0.441,Happy
52.41,73.8,170.56,0.0169,2.0,5.48,15.6,0.167,Calm
73.61,49.12,50.0,0.1502,5.3,4.71,6.3,0.904,Angry
60.97,104.37,233.21,0.0237,1.7,5.91,17.8,0.052,Calm
57.58,82.38,179.26,0.035,2.2,5.7,6.6,0.736,Happy
81.83,64.39,50.0,0.0285,7.7,5.14,15.2,0.824,Angry
66.53,80.46,109.2,0.0375,2.6,6.28,11.4,0.644,Happy
33.75,121.91,345.1,0.0213,4.2,4.85,8.0,0.075,Sad
61.51,94.75,225.11,0.0366,1.7,5.28,14.9,0.073,Calm
55.1,85.13,109.77,0.0243,1.6,5.25,10.8,0.131,Calm
81.11,81.37,139.04,0.0318,0.7,4.71,14.4,0.469,Happy
64.6,110.28,230.28,0.0175,0.0,5.62,14.0,0.107,Calm
104.96,63.66,91.75,0.1424,7.9,4.45,7.7,0.836,Angry
37.56,134.86,376.46,0.0771,3.7,4.64,9.3,0.027,Sad
46.93,126.97,442.67,0.0668,5.8,5.13,8.7,0.041,Sad
60.22,94.22,202.17,0.0398,2.1,4.8,10.3,0.705,Happy
40.98,153.94,290.27,0.0358,3.6,4.03,10.5,0.024,Sad
55.47,92.12,207.32,0.0101,1.6,5.56,11.0,0.15,Calm
84.44,61.37,81.24,0.0722,6.6,3.75,13.1,0.754,Angry
28.49,108.41,238.26,0.048,3.1,3.92,6.9,0.061,Sad
60.43,92.74,257.46,0.013,0.7,5.47,13.8,0.138,Calm
69.01,80.5,150.21,0.0234,2.7,5.41,13.0,0.495,Happy
64.97,68.42,195.1,0.0388,1.8,5.21,12.4,0.192,Happy
35.79,111.18,419.69,0.034,6.2,4.33,5.9,0.036,Sad
73.84,91.87,169.16,0.0186,3.6,4.63,12.6,0.449,Happy
56.16,76.71,93.45,0.055,4.0,5.97,6.8,0.675,Angry
63.15,86.96,205.47,0.0413,1.7,4.65,17.1,0.612,Happy
69.74,46.16,99.36,0.112,9.1,5.03,9.4,0.541,Angry
100.09,64.87,75.3,0.0732,8.6,3.49,10.9,0.635,Angry
57.92,102.67,205.77,0.0233,1.6,5.77,14.6,0.103,Calm
54.12,88.43,234.96,0.0208,1.6,5.17,10.6,0.112,Calm
56.35,101.07,256.43,0.0169,1.0,5.85,15.0,0.091,Calm
56.5,103.09,189.43,0.0123,1.0,5.5,11.9,0.075,Calm
25.26,135.4,247.02,0.0486,1.9,5.69,8.8,0.053,Sad
100.77,48.62,101.23,0.087,10.5,4.54,6.5,0.903,Angry
66.87,64.44,159.93,0.0383,0.0,5.39,14.5,0.358,Happy
56.88,80.15,224.33,0.0335,1.4,6.04,13.6,0.142,Calm
81.47,77.43,110.57,0.0976,5.0,3.34,4.6,0.594,Angry
66.84,98.77,192.51,0.0303,2.7,5.31,12.6,0.107,Calm
57.75,73.46,132.13,0.0437,0.0,6.77,14.1,0.645,Happy
66.35,65.86,146.66,0.021,1.3,5.82,14.2,0.722,Happy
75.25,85.26,80.7,0.0587,9.7,4.89,11.6,0.984,Angry
69.11,74.67,114.9,0.0013,2.0,6.09,15.3,0.509,Happy
37.58,139.87,423.27,0.0101,2.3,5.06,6.7,0.034,Sad
54.93,83.79,197.7,0.0195,1.6,5.76,11.9,0.184,Calm
36.17,93.63,154.32,0.0206,0.2,5.53,13.2,0.175,Calm
58.16,95.08,237.72,0.0218,1.2,6.36,13.8,0.158,Calm
45.71,151.23,442.56,0.0572,6.6,4.5,4.6,0.063,Sad
52.12,97.69,208.37,0.0195,1.2,5.66,12.1,0.04,Calm
32.86,131.64,436.58,0.0791,5.1,4.97,7.2,0.092,Sad
78.82,84.36,151.14,0.0312,2.6,4.69,11.5,0.266,Happy
82.93,67.66,78.73,0.0565,7.2,5.53,8.9,0.916,Angry
90.99,39.69,76.59,0.0756,8.7,5.55,3.0,0.797,Angry
81.19,66.37,155.69,0.0234,2.4,5.21,10.7,0.698,Happy
62.55,89.67,158.93,0.0154,1.4,5.34,13.6,0.117,Calm
44.08,147.75,338.94,0.0508,5.0,4.37,9.1,0.121,Sad
75.43,63.38,180.98,0.0413,0.9,4.99,9.8,0.557,Happy
46.81,85.72,232.39,0.0223,1.6,5.62,14.2,0.162,Calm
101.54,61.39,87.79,0.0334,4.6,5.42,9.9,0.778,Angry
95.9,61.48,77.51,0.0937,8.5,5.03,15.8,0.672,Angry
33.31,153.43,305.91,0.0598,5.8,4.79,6.6,0.034,Sad
42.65,118.94,480.15,0.04,2.8,4.04,3.5,0.064,Sad
51.22,100.74,195.61,0.0182,0.9,6.17,13.2,0.135,Calm
52.94,106.42,246.29,0.0183,0.9,5.88,16.4,0.042,Calm
76.19,58.3,111.97,0.122,7.0,4.63,9.2,0.723,Angry
17.65,122.5,316.92,0.0174,2.1,4.57,9.7,0.059,Sad
86.01,51.44,50.0,0.0788,4.2,5.99,8.7,0.748,Angry
98.08,53.15,80.88,0.1287,6.0,4.77,9.0,0.902,Angry
32.15,158.49,392.66,0.0322,5.5,4.33,8.5,0.041,Sad
91.95,76.94,67.44,0.103,7.7,4.11,9.1,0.58,Angry
90.71,39.04,69.22,0.0924,7.5,5.64,6.7,0.725,Angry
37.83,154.05,312.38,0.0,4.4,4.67,3.6,0.021,Sad
36.95,101.34,358.03,0.0599,5.9,3.84,6.3,0.045,Sad
53.39,95.81,219.38,0.0227,1.8,6.04,14.5,0.068,Calm
41.84,124.9,389.96,0.0566,4.1,3.17,6.5,0.024,Sad
77.84,39.91,77.82,0.101,7.3,5.75,8.3,0.782,Angry
61.87,70.78,198.46,0.0268,3.2,5.96,14.0,0.514,Happy
67.67,86.39,187.08,0.0163,1.2,5.75,15.9,0.085,Calm
39.23,103.27,367.05,0.0526,3.3,4.37,6.8,0.048,Sad
40.87,112.78,512.27,0.064,3.3,4.21,7.6,0.064,Sad
65.0,86.01,106.68,0.007,1.4,4.59,11.0,0.57,Happy
48.97,96.27,185.35,0.0218,1.5,5.11,15.3,0.098,Calm
32.51,116.19,326.7,0.0334,3.9,4.07,8.4,0.095,Sad
61.06,90.54,164.72,0.0056,1.9,6.05,16.5,0.135,Calm
59.69,85.88,199.2,0.0175,1.2,5.5,11.7,0.151,Calm
54.57,95.91,204.31,0.03,2.0,6.33,18.4,0.104,Calm
56.11,82.47,164.95,0.0414,3.6,4.69,10.4,0.348,Happy
68.52,87.79,163.73,0.0467,2.0,5.53,9.8,0.523,Happy
96.97,74.18,78.67,0.0893,9.5,3.95,10.3,0.594,Angry
59.98,98.12,171.23,0.0244,2.6,5.69,13.2,0.286,Happy
117.53,59.24,62.45,0.0578,6.6,4.71,9.3,0.755,Angry
85.99,55.57,50.0,0.0755,7.8,5.21,9.0,0.974,Angry
79.12,84.05,112.17,0.0392,4.1,5.72,9.0,0.503,Happy
71.28,61.05,84.66,0.0785,5.8,4.96,5.6,0.852,Angry
71.33,103.44,244.07,0.0249,0.2,5.66,16.1,0.057,Calm
51.1,137.79,330.54,0.0607,0.0,4.5,7.7,0.078,Sad
65.26,72.42,143.09,0.0208,2.9,5.72,8.3,0.414,Happy
68.49,89.04,79.11,0.0199,2.6,6.23,12.0,0.454,Happy
29.64,135.72,332.39,0.0611,3.9,3.54,7.8,0.033,Sad
56.64,60.34,211.69,0.019,1.8,5.06,12.6,0.763,Happy
53.84,103.97,216.89,0.0087,1.4,5.37,10.5,0.065,Calm
52.55,86.06,111.59,0.0475,0.0,6.05,12.4,0.581,Happy
73.85,46.39,73.06,0.0824,6.6,3.79,11.9,0.969,Angry
88.57,61.67,74.3,0.0968,13.2,4.62,10.5,0.703,Angry
75.55,62.44,93.63,0.1289,4.5,6.34,11.3,0.8,Angry
75.38,79.77,120.02,0.025,2.8,5.47,11.5,0.527,Happy
56.45,86.49,234.56,0.0277,1.3,5.84,12.3,0.075,Calm
56.07,92.36,145.32,0.0245,2.2,5.45,14.2,0.89,Happy
49.07,102.23,203.42,0.0028,0.8,5.3,13.9,0.194,Calm
41.54,158.95,445.45,0.029,6.0,5.48,13.3,0.016,Sad
89.43,61.49,98.72,0.1233,7.1,4.17,7.0,0.718,Angry
41.66,128.04,581.79,0.0678,4.9,3.73,4.4,0.059,Sad
37.27,137.87,340.96,0.0536,4.7,4.62,5.0,0.056,Sad
71.81,81.56,62.93,0.0799,5.0,6.06,10.7,0.66,Angry
80.62,39.95,120.72,0.1141,6.0,5.73,6.1,0.861,Angry
63.24,83.57,194.34,0.0248,1.2,4.95,13.8,0.666,Happy
95.47,63.89,96.48,0.0951,9.4,4.81,9.2,0.76,Angry
34.0,136.65,474.65,0.0455,5.6,5.37,5.2,0.025,Sad
68.43,86.93,155.29,0.0263,1.2,5.24,9.9,0.016,Happy
52.88,93.67,199.35,0.0275,2.6,5.36,18.2,0.824,Happy
43.5,80.29,213.45,0.0126,2.3,5.89,15.4,0.191,Calm
52.57,106.33,263.9,0.0264,1.0,5.3,14.2,0.116,Calm
79.43,78.09,171.59,0.0171,1.0,5.44,15.0,0.671,Happy
70.51,69.71,63.01,0.0855,8.1,4.34,9.1,0.753,Angry
54.5,101.49,176.62,0.0445,3.1,5.5,14.8,0.168,Calm
80.05,51.14,50.0,0.1607,9.5,4.25,9.8,0.863,Angry
49.02,84.41,244.15,0.0162,1.4,5.69,16.2,0.083,Calm
89.12,74.92,64.41,0.0804,6.4,3.33,9.4,0.517,Angry
78.12,87.42,152.26,0.014,1.8,4.78,16.3,0.565,Happy
61.63,71.74,63.79,0.1257,6.9,4.82,8.4,0.982,Angry
69.78,57.98,81.37,0.0476,7.7,4.07,14.1,0.879,Angry
80.88,34.97,99.47,0.109,5.5,6.13,9.3,0.645,Angry
58.18,98.04,157.7,0.0262,1.4,5.59,12.0,0.108,Calm
61.18,114.82,238.15,0.0417,0.8,5.17,11.6,0.122,Calm
70.12,67.29,102.03,0.1215,11.6,4.43,11.9,0.784,Angry
39.37,111.92,276.08,0.0552,5.7,4.79,7.0,0.032,Sad
85.52,68.24,50.0,0.1636,6.4,3.38,9.5,0.805,Angry
47.58,107.74,196.19,0.0373,0.0,5.58,17.8,0.082,Calm
84.3,87.85,149.42,0.0274,2.0,5.47,9.6,0.823,Happy
98.46,57.76,94.58,0.1105,7.7,4.61,5.4,0.632,Angry
73.99,89.48,126.81,0.0341,1.0,4.51,10.7,0.772,Happy
77.46,56.67,59.27,0.0939,6.9,5.26,12.3,0.688,Angry
33.94,106.87,468.01,0.0584,4.2,4.73,7.6,0.089,Sad
54.21,89.22,227.89,0.0165,0.6,6.01,16.4,0.108,Calm
71.26,100.2,208.4,0.0262,2.1,5.44,12.7,0.13,Calm
63.47,102.85,186.94,0.0399,0.3,4.94,13.8,0.213,Calm
72.19,85.98,312.97,0.0165,1.0,5.63,12.8,0.12,Calm
70.47,66.34,186.36,0.0326,1.6,5.27,8.4,0.682,Happy
38.6,115.06,479.21,0.0457,4.8,4.21,5.7,0.053,Sad
86.72,70.46,54.98,0.054,10.2,4.37,12.4,0.777,Angry
59.3,81.06,142.35,0.045,0.0,5.75,14.5,0.185,Happy
72.76,84.27,130.61,0.0478,0.8,5.66,14.0,0.466,Happy
81.18,47.64,77.53,0.1093,5.7,4.64,6.2,0.968,Angry
41.24,102.66,467.85,0.0253,4.8,4.88,5.6,0.067,Sad
68.19,86.47,135.5,0.0457,0.8,4.47,12.4,0.809,Happy
57.64,89.79,157.98,0.0285,1.4,5.3,14.1,0.232,Calm
91.22,53.65,62.61,0.0997,7.3,6.84,8.4,0.63,Angry
56.16,95.6,204.25,0.0136,1.5,5.95,14.2,0.06,Calm
34.11,134.09,303.83,0.0421,4.5,4.3,6.8,0.034,Sad
102.36,54.48,71.41,0.061,6.1,5.48,12.9,0.944,Angry
26.37,140.07,234.93,0.0437,5.4,4.62,10.9,0.081,Sad
63.45,93.74,226.85,0.0275,1.0,4.68,14.7,0.104,Calm
96.35,72.88,67.38,0.0911,8.5,4.43,9.0,0.86,Angry
38.11,148.05,327.38,0.0804,4.8,5.12,5.7,0.076,Sad
44.17,144.42,326.7,0.0771,5.8,4.58,7.2,0.067,Sad
50.77,94.96,169.63,0.0294,2.3,4.64,16.9,0.626,Happy
63.47,73.0,50.0,0.1269,6.3,5.29,5.0,0.976,Angry
73.87,69.6,168.38,0.0195,1.4,6.16,11.6,0.643,Happy
33.42,130.55,396.21,0.0184,2.6,4.16,3.0,0.051,Sad
95.11,60.28,107.02,0.0546,4.3,3.28,6.9,0.824,Angry
50.44,101.64,242.38,0.0144,2.3,5.81,17.5,0.077,Calm
59.79,75.13,132.23,0.0214,2.0,4.78,12.5,0.59,Happy
64.49,83.29,159.64,0.0342,3.6,5.43,11.5,0.793,Happy
86.63,59.37,77.1,0.1013,9.0,4.67,7.3,0.758,Angry
45.58,120.58,392.51,0.0765,2.1,3.66,5.8,0.081,Sad
27.38,145.01,366.7,0.0274,3.3,5.25,5.9,0.061,Sad
71.96,84.96,154.51,0.0336,4.4,5.17,12.4,0.81,Happy
68.54,74.16,94.64,0.1376,8.6,6.24,10.7,0.777,Angry
55.34,93.75,191.39,0.0314,1.6,5.78,16.1,0.119,Calm
63.72,86.71,156.4,0.0225,1.7,4.8,14.2,0.604,Happy
48.91,99.39,530.37,0.0425,3.6,3.37,6.1,0.019,Sad
70.72,87.18,163.15,0.0302,2.7,5.5,11.3,0.485,Happy
48.96,96.68,113.55,0.0248,2.0,5.8,13.2,0.115,Calm
39.0,146.99,455.43,0.0617,2.8,3.36,6.2,0.08,Sad
41.37,137.37,431.5,0.0114,3.6,5.01,6.9,0.008,Sad
53.79,93.17,142.32,0.0295,2.3,5.82,12.7,0.065,Calm
85.04,74.76,99.65,0.058,8.2,4.66,9.2,0.691,Angry
78.85,50.38,73.06,0.1231,4.9,5.1,3.9,0.716,Angry
76.91,71.49,50.0,0.0955,4.1,4.47,8.1,0.746,Angry
31.7,107.34,428.03,0.0331,4.2,4.21,3.4,0.0,Sad
36.49,148.75,530.81,0.0762,2.4,4.35,6.3,0.065,Sad
56.34,75.53,155.28,0.0354,0.8,6.0,14.7,0.01,Calm
44.97,164.06,268.96,0.0143,3.1,4.85,8.0,0.082,Sad
45.05,140.36,402.1,0.0439,3.9,2.6,7.4,0.035,Sad
90.77,49.52,75.86,0.0691,8.6,4.21,10.7,0.748,Angry
92.31,41.34,84.02,0.103,7.1,5.53,10.0,1.0,Angry
96.96,73.53,57.4,0.0753,9.4,4.7,3.0,0.59,Angry
66.84,84.98,169.98,0.0342,2.8,4.89,10.9,0.38,Happy
71.6,88.14,189.16,0.0302,2.7,5.04,12.6,0.574,Happy
58.66,78.85,165.15,0.0387,0.8,5.03,11.1,0.469,Happy
67.03,84.68,182.57,0.031,2.3,5.0,12.5,0.531,Happy
25.57,151.28,420.21,0.0777,4.7,5.16,7.9,0.09,Sad
62.93,78.04,147.85,0.0296,2.7,5.23,13.5,0.584,Happy
50.1,83.46,219.87,0.0264,1.8,4.69,12.3,0.099,Calm
76.76,73.96,101.38,0.0614,4.8,6.59,14.3,0.795,Angry
60.64,81.11,115.47,0.0338,1.4,5.05,10.8,0.97,Happy
69.77,78.43,77.77,0.109,8.7,4.36,11.6,0.394,Angry
100.84,49.51,92.55,0.0916,6.7,4.67,6.5,0.798,Angry
41.71,93.05,233.46,0.0093,0.9,5.82,11.0,0.153,Calm
72.33,56.92,86.16,0.162,4.2,5.64,9.5,0.926,Angry
72.98,48.93,60.91,0.1155,6.0,4.67,11.7,0.685,Angry
77.8,61.68,81.47,0.1291,8.9,5.15,7.9,0.911,Angry
53.4,100.57,274.56,0.0,0.9,5.42,16.9,0.018,Calm
42.75,113.75,396.08,0.0468,4.5,5.37,8.8,0.018,Sad
65.4,98.84,204.31,0.0175,1.7,5.61,14.6,0.106,Calm
35.88,77.94,371.1,0.0487,2.5,4.19,10.1,0.07,Sad
55.19,93.38,213.23,0.0275,2.0,5.37,14.6,0.124,Calm
72.51,74.84,152.88,0.0254,1.6,5.05,12.4,0.504,Happy
83.12,45.48,111.83,0.1263,8.9,4.59,3.8,1.0,Angry
53.29,141.41,353.55,0.0378,3.9,4.36,9.2,0.056,Sad
63.91,74.53,191.17,0.0067,0.2,5.89,15.1,0.122,Calm
57.97,64.03,74.54,0.1291,4.8,4.37,4.5,0.649,Angry
58.42,104.94,248.82,0.0401,1.7,5.61,11.0,0.073,Calm
94.84,57.65,85.94,0.15,2.8,5.09,15.4,0.842,Angry
58.51,92.32,206.67,0.0306,0.5,5.09,10.1,0.073,Calm
47.79,72.81,143.67,0.0201,1.9,5.24,11.6,0.47,Happy
50.21,105.19,148.42,0.017,1.8,5.27,15.6,0.072,Calm
79.13,79.07,55.16,0.0662,4.8,4.75,10.3,0.911,Angry
84.86,72.37,101.9,0.0758,5.9,3.87,10.2,0.9,Angry
47.15,91.55,201.76,0.0016,2.6,5.56,14.8,0.168,Calm
67.08,70.96,169.16,0.0134,1.9,4.59,10.7,0.609,Happy
58.12,76.15,180.19,0.0242,2.8,4.64,13.1,0.888,Happy
85.24,50.37,91.58,0.1138,10.1,5.68,6.9,0.923,Angry
67.27,77.41,167.6,0.0253,2.9,4.53,12.3,0.988,Happy
67.37,82.61,150.15,0.0277,0.6,4.99,11.3,0.44,Happy
35.11,148.27,443.01,0.0586,3.6,3.73,8.0,0.025,Sad
61.47,94.14,194.81,0.0046,1.3,5.1,13.1,0.045,Calm
53.03,73.5,147.5,0.0155,1.1,4.7,12.4,0.614,Happy
31.97,130.6,227.81,0.0675,1.7,5.4,6.3,0.044,Sad
68.86,49.67,107.54,0.1306,6.3,5.4,10.0,1.0,Angry
66.62,96.36,196.16,0.018,1.2,5.92,11.9,0.117,Calm
72.45,59.68,67.51,0.1224,7.1,5.28,12.3,0.904,Angry
64.99,90.24,180.38,0.0172,0.6,4.82,16.1,0.008,Calm
83.34,67.09,77.86,0.1583,3.5,4.87,4.1,0.424,Angry
61.84,83.2,216.75,0.0199,1.2,5.85,15.8,0.053,Calm
51.0,120.36,425.96,0.0139,0.4,5.01,7.0,0.085,Sad
37.2,135.29,387.99,0.0247,4.7,3.33,3.0,0.072,Sad
49.37,89.54,188.71,0.0305,0.6,5.36,15.9,0.085,Calm
37.63,118.98,413.44,0.0689,4.8,3.97,8.5,0.031,Sad
89.3,45.64,50.13,0.0363,8.4,4.42,17.8,0.651,Angry
47.31,95.33,107.28,0.0273,1.6,5.49,8.8,0.692,Happy
57.24,96.66,261.71,0.0224,1.2,5.5,14.2,0.016,Calm
62.93,95.99,166.83,0.027,2.7,5.03,14.3,0.674,Happy
38.09,187.37,266.51,0.0712,3.7,4.96,7.9,0.028,Sad
56.9,83.14,122.76,0.0159,3.5,5.09,12.1,0.315,Happy
67.75,62.37,159.72,0.0261,1.3,5.51,14.1,0.786,Happy
38.18,91.61,398.89,0.0362,3.3,5.37,4.5,0.074,Sad
53.14,96.92,211.1,0.0232,1.4,5.35,20.3,0.145,Calm
28.55,121.7,402.72,0.0522,3.7,4.74,8.4,0.072,Sad
87.46,40.52,117.77,0.0951,8.4,4.21,9.9,0.605,Angry
69.1,77.4,172.16,0.0362,1.1,5.74,10.9,0.762,Happy
48.26,96.03,132.51,0.0283,2.2,5.63,11.8,0.169,Calm
58.82,77.63,135.44,0.0308,4.3,4.27,13.4,0.277,Happy
49.98,84.04,310.73,0.0175,0.0,6.1,15.2,0.062,Calm
35.3,137.66,411.3,0.0074,5.2,4.63,8.0,0.168,Sad
77.7,47.91,85.07,0.0462,6.4,4.97,8.2,0.568,Angry
82.4,48.73,106.65,0.1279,5.8,5.15,10.6,0.896,Angry
112.33,45.19,59.36,0.0868,9.6,4.81,5.3,0.988,Angry
51.28,111.04,333.25,0.0653,1.7,4.12,8.2,0.031,Sad
74.28,55.34,76.48,0.013,10.3,4.17,10.5,0.787,Angry
52.65,99.76,492.75,0.0695,2.8,4.62,6.1,0.056,Sad
64.44,91.54,166.5,0.029,2.2,5.57,15.4,0.098,Calm
32.54,156.61,304.26,0.0679,5.3,5.6,6.2,0.071,Sad
62.38,81.55,174.75,0.0213,1.3,5.05,9.3,0.436,Happy
70.56,88.49,141.18,0.0293,0.5,5.02,13.8,0.715,Happy
67.86,85.61,182.49,0.0405,0.6,4.73,13.0,0.703,Happy
43.3,142.25,318.67,0.0451,3.9,4.42,7.7,0.093,Sad
41.36,108.9,465.82,0.0307,5.0,5.16,8.7,0.058,Sad
71.98,81.83,215.69,0.0219,1.2,4.9,7.8,0.495,Happy
54.99,138.66,289.79,0.0387,5.5,5.75,3.8,0.0,Sad
59.9,74.69,131.31,0.0244,1.4,5.79,14.8,0.486,Happy
90.27,75.22,79.51,0.0573,8.7,5.33,3.2,0.799,Angry
68.07,79.67,87.98,0.0291,0.7,5.53,12.7,0.412,Happy
37.93,136.14,545.07,0.0431,4.4,4.19,5.3,0.032,Sad
68.28,77.59,170.18,0.049,1.9,4.71,14.2,0.576,Happy
70.14,93.29,155.9,0.0371,1.9,5.92,10.6,0.96,Happy
54.78,77.62,200.72,0.0321,1.0,5.66,15.7,0.055,Calm
58.83,111.98,213.28,0.0265,1.2,4.96,12.6,0.1,Calm
49.07,117.41,219.06,0.0185,2.6,6.24,13.7,0.117,Calm
66.88,87.71,105.64,0.0414,2.3,4.99,13.3,1.0,Happy
42.08,94.69,177.52,0.0057,2.5,5.77,13.9,0.168,Calm
89.06,52.89,99.51,0.1,8.4,3.29,10.3,0.704,Angry
79.79,80.67,64.66,0.0819,6.1,3.95,3.0,0.765,Angry
29.9,103.34,275.88,0.0632,5.8,5.61,8.7,0.085,Sad
56.48,83.75,156.45,0.0256,2.0,5.44,15.6,0.041,Calm
58.93,97.57,147.05,0.0156,2.2,5.64,15.1,0.119,Calm
39.83,91.01,371.93,0.0056,6.1,3.85,9.5,0.078,Sad
44.17,130.03,431.63,0.0308,3.1,4.22,8.7,0.1,Sad
37.48,128.49,557.8,0.0223,4.8,5.39,11.5,0.038,Sad
48.06,75.19,198.47,0.0282,2.4,5.67,12.1,0.003,Calm
24.86,142.39,349.17,0.0262,3.1,4.39,5.8,0.0,Sad
53.51,98.14,187.36,0.0231,1.9,5.83,16.6,0.104,Calm
52.4,107.38,437.89,0.0315,4.8,3.95,6.2,0.041,Sad
78.39,66.12,63.71,0.145,9.7,4.47,7.1,0.407,Angry
50.44,87.9,205.2,0.0094,1.8,5.84,15.1,0.012,Calm
28.39,140.4,549.51,0.0584,4.4,4.51,3.9,0.091,Sad
63.93,51.66,89.46,0.0789,6.5,5.13,10.6,0.638,Angry
95.28,64.78,87.89,0.0872,7.9,4.62,10.7,0.514,Angry
55.84,95.65,232.53,0.0116,0.1,5.56,14.6,0.174,Calm
63.98,70.44,101.81,0.032,1.2,4.49,10.7,0.384,Happy
90.42,55.73,80.58,0.1209,4.5,4.32,10.4,1.0,Angry
67.05,89.83,199.96,0.0401,0.2,4.56,10.8,0.605,Happy
86.82,56.49,67.64,0.127,5.3,6.09,14.8,0.839,Angry
105.98,72.48,65.2,0.06,6.2,5.1,9.7,0.988,Angry
44.41,119.01,390.66,0.0373,6.6,4.31,10.7,0.074,Sad
49.54,102.6,175.33,0.0065,1.0,5.49,11.6,0.042,Calm
65.85,85.84,209.29,0.0144,3.6,5.25,10.2,0.334,Happy
29.93,96.25,256.49,0.0229,2.9,5.67,5.9,0.055,Sad
53.66,97.82,193.89,0.0243,2.9,5.3,10.6,0.141,Calm
23.39,118.31,397.52,0.0318,2.6,4.1,7.6,0.044,Sad
36.04,110.71,440.48,0.0354,7.2,5.21,7.4,0.081,Sad
82.87,67.87,99.28,0.0994,5.5,3.56,6.9,0.707,Angry
32.0,107.48,379.49,0.0392,5.2,3.38,7.1,0.067,Sad
35.32,127.53,368.19,0.0263,3.4,4.66,6.9,0.055,Sad
58.71,91.24,173.76,0.0327,1.1,5.62,14.3,0.173,Calm
71.03,83.81,188.69,0.0367,1.9,4.59,11.6,0.43,Happy
57.48,92.67,181.95,0.0187,1.7,4.75,10.9,0.068,Calm
45.62,122.47,401.51,0.0266,6.5,5.64,7.3,0.081,Sad
85.22,74.69,135.32,0.0404,2.7,6.12,13.2,0.528,Happy
32.23,117.83,357.68,0.0289,5.8,4.34,7.7,0.033,Sad
70.1,85.01,95.97,0.0246,1.2,4.89,11.7,0.506,Happy
79.15,42.76,93.88,0.1215,3.5,5.73,16.5,0.807,Angry
93.77,66.46,94.31,0.1718,11.4,4.32,13.9,0.857,Angry
49.23,124.3,411.09,0.0283,2.7,4.56,9.2,0.042,Sad
40.11,133.51,252.5,0.0322,3.9,4.82,3.0,0.045,Sad
82.74,58.76,75.72,0.1291,7.8,4.95,5.2,0.743,Angry
61.37,94.52,159.8,0.033,2.6,4.63,14.1,0.585,Happy
45.25,101.54,322.39,0.042,5.9,4.73,5.1,0.041,Sad
91.67,52.9,50.0,0.0871,9.1,4.56,6.5,0.939,Angry
41.5,102.01,429.41,0.008,4.9,5.03,5.8,0.054,Sad
81.05,80.1,74.5,0.034,3.0,4.82,10.8,0.856,Angry
41.79,147.52,346.53,0.0488,2.4,3.0,7.4,0.068,Sad
46.35,104.84,458.51,0.0618,3.8,4.7,9.1,0.076,Sad
60.36,85.89,200.1,0.0339,0.8,5.42,14.4,0.478,Happy
65.63,60.02,177.49,0.0335,3.0,3.75,16.2,0.572,Happy
61.86,96.06,166.27,0.027,1.7,4.49,14.9,0.12,Calm
102.37,71.26,76.48,0.1025,6.7,5.59,6.4,0.679,Angry
26.68,125.41,380.11,0.0625,4.1,4.87,8.4,0.115,Sad
62.31,96.69,142.21,0.015,1.8,5.06,6.6,0.589,Happy
92.09,57.36,81.27,0.0888,4.0,4.98,14.7,0.667,Angry
67.42,51.98,60.04,0.0474,7.2,6.06,17.0,0.815,Angry
88.17,59.52,94.91,0.1028,6.7,4.19,9.2,0.911,Angry
65.36,73.48,214.32,0.0363,0.0,5.29,10.7,0.77,Happy
49.9,121.96,454.51,0.0269,5.1,4.62,7.9,0.031,Sad
65.45,85.3,147.89,0.0349,2.1,4.21,10.1,0.571,Happy
72.63,85.13,171.75,0.0352,1.4,5.42,13.6,0.751,Happy
33.94,134.79,439.97,0.0594,4.1,4.95,8.0,0.013,Sad
32.18,117.23,334.77,0.0287,7.2,5.3,10.8,0.013,Sad
34.38,126.07,383.53,0.0351,3.7,3.57,6.0,0.041,Sad
39.82,119.22,319.32,0.0107,4.5,3.56,7.2,0.042,Sad
51.19,73.22,185.82,0.0202,1.5,5.43,13.6,0.55,Happy
50.47,93.98,257.88,0.0134,0.2,5.08,16.0,0.113,Calm
59.18,77.52,147.77,0.0362,2.2,4.53,12.8,0.722,Happy
34.8,126.81,370.35,0.023,2.9,4.81,7.6,0.055,Sad
51.2,75.94,196.47,0.0421,2.1,6.38,15.8,0.151,Calm
50.05,84.41,171.38,0.0312,1.0,5.29,13.1,0.117,Calm
96.45,74.62,124.04,0.0893,7.2,4.51,9.0,1.0,Angry
45.85,83.46,234.21,0.0226,2.6,5.49,12.3,0.089,Calm
92.73,71.14,70.07,0.0654,7.5,4.22,7.4,0.999,Angry
79.75,62.18,88.79,0.0971,3.4,5.03,10.1,0.698,Angry
85.89,72.31,132.84,0.1179,7.1,5.31,7.9,1.0,Angry
79.2,70.1,58.98,0.024,6.5,4.7,9.4,0.909,Angry
51.64,85.43,130.12,0.0357,1.2,4.3,8.7,0.61,Happy
85.38,60.91,71.35,0.1382,4.7,4.3,17.3,0.644,Angry
90.91,70.0,67.98,0.135,3.7,3.75,9.4,0.804,Angry
39.52,123.93,382.49,0.0653,2.4,5.67,3.4,0.032,Sad
53.05,103.6,160.72,0.0131,1.8,5.82,16.2,0.178,Calm
47.78,97.25,225.17,0.017,2.0,5.22,9.8,0.079,Calm
41.86,136.81,431.26,0.0235,5.6,5.2,6.5,0.049,Sad
68.81,85.05,181.81,0.0576,2.4,4.95,11.9,0.246,Happy
60.36,101.42,158.81,0.0152,1.5,5.48,15.5,0.0,Calm
55.32,81.74,222.3,0.0263,2.0,5.88,15.2,0.079,Calm
36.05,124.4,463.23,0.0568,4.9,5.08,6.3,0.032,Sad
33.72,140.09,274.96,0.0264,6.2,4.29,9.9,0.048,Sad
65.99,85.51,151.31,0.047,1.4,5.3,10.5,0.336,Happy
32.89,137.23,296.55,0.0614,4.7,3.38,4.7,0.042,Sad
72.72,96.16,112.97,0.0241,2.0,5.34,10.4,0.685,Happy
86.55,31.43,50.0,0.1185,9.1,4.16,8.3,0.844,Angry
28.23,141.83,342.08,0.0461,3.3,4.03,7.0,0.044,Sad
80.2,51.06,77.9,0.1184,6.9,4.65,9.2,0.709,Angry
50.25,157.63,296.62,0.0638,3.2,4.66,7.6,0.043,Sad
42.06,91.29,239.25,0.0161,2.9,5.67,14.7,0.094,Calm
47.99,91.72,244.31,0.0257,2.0,5.56,15.0,0.06,Calm
83.06,65.26,62.32,0.104,6.2,3.88,10.0,0.761,Angry
46.75,90.26,317.72,0.0272,3.4,6.06,14.5,0.115,Calm
49.06,91.57,230.36,0.0245,2.7,5.67,17.7,0.127,Calm
74.51,87.08,160.54,0.0407,2.0,4.76,11.7,0.451,Happy
87.22,65.43,114.15,0.0769,4.4,4.17,5.0,1.0,Angry
36.35,121.86,357.22,0.0559,1.8,5.27,5.7,0.072,Sad
50.03,76.48,150.55,0.0468,2.3,5.09,13.7,0.158,Happy
57.19,90.54,121.52,0.0563,2.5,5.29,10.3,0.74,Happy
40.15,113.51,422.13,0.0739,3.1,5.76,5.9,0.051,Sad
62.98,67.52,198.97,0.0157,1.6,5.27,14.9,0.313,Happy
77.4,58.84,100.22,0.2059,4.5,5.11,6.9,0.719,Angry
40.49,155.23,346.62,0.0353,5.6,4.76,3.9,0.034,Sad
38.5,104.13,344.34,0.0316,5.9,4.26,9.1,0.068,Sad
39.63,114.86,224.81,0.0739,5.4,4.53,7.5,0.082,Sad
65.71,81.97,131.47,0.0268,2.6,5.8,11.7,0.51,Happy
59.85,90.3,139.96,0.026,1.0,5.41,16.1,0.386,Happy
29.76,166.41,354.69,0.0666,4.3,3.91,7.0,0.074,Sad
104.13,61.24,108.62,0.0922,5.2,4.99,8.4,0.623,Angry
36.38,118.47,517.68,0.036,2.4,4.9,5.4,0.021,Sad
32.97,144.9,384.42,0.0487,4.1,4.65,6.8,0.056,Sad
89.83,75.85,82.16,0.0728,8.9,5.26,5.9,0.857,Angry
65.88,87.26,164.43,0.0322,1.2,5.44,15.8,0.869,Happy
62.26,76.29,107.77,0.0222,0.9,6.08,13.9,0.854,Happy
28.85,98.04,349.6,0.0646,3.7,4.22,7.1,0.0,Sad
65.11,79.76,155.94,0.0286,1.4,4.93,11.9,0.491,Happy
38.05,88.27,412.84,0.0943,3.5,4.06,7.7,0.059,Sad
47.42,82.7,204.29,0.015,1.2,5.91,15.5,0.169,Calm
94.93,61.9,54.56,0.1063,9.1,4.54,13.1,0.994,Angry
58.5,90.65,143.64,0.0228,0.3,6.02,13.7,0.16,Calm
52.69,87.38,303.44,0.0242,2.0,5.96,11.2,0.188,Calm
57.81,55.79,75.45,0.1215,4.2,3.74,10.4,0.951,Angry
31.53,98.05,373.84,0.0457,4.7,4.18,8.0,0.108,Sad
39.59,118.77,355.75,0.0639,5.8,4.34,6.3,0.065,Sad
64.09,106.46,155.51,0.0083,2.5,5.05,15.0,0.069,Calm
58.43,87.77,250.67,0.0103,1.4,5.28,12.0,0.137,Calm
39.29,183.86,427.98,0.0299,3.9,3.43,6.8,0.025,Sad
52.5,74.71,173.83,0.0175,2.3,4.52,12.9,0.593,Happy
39.97,87.35,481.01,0.0468,8.9,5.88,6.6,0.047,Sad
42.04,127.43,512.55,0.0403,5.4,4.48,5.8,0.068,Sad
70.91,81.71,146.53,0.027,0.5,4.84,11.1,0.811,Happy
33.76,164.39,559.4,0.0347,3.2,5.02,6.2,0.049,Sad
77.74,70.93,111.47,0.1137,4.0,4.16,13.0,0.775,Angry
30.5,168.23,297.56,0.0538,5.5,3.75,7.4,0.078,Sad
53.1,86.97,222.85,0.0339,1.9,5.54,12.0,0.126,Calm
43.06,98.32,184.94,0.0232,2.0,6.01,11.0,0.072,Calm
61.04,95.23,165.42,0.0359,0.9,4.64,14.9,0.045,Calm
56.97,72.32,148.96,0.0323,3.6,4.7,14.0,0.557,Happy
48.56,142.11,440.69,0.0414,1.8,4.37,9.4,0.004,Sad
75.32,60.91,93.71,0.0958,9.3,5.17,3.0,0.721,Angry
56.7,78.1,123.73,0.0162,2.9,6.15,9.2,0.713,Happy
63.49,89.22,146.17,0.0451,0.5,5.19,9.5,0.673,Happy
50.23,108.99,190.54,0.0069,1.7,5.16,15.3,0.21,Calm
64.14,84.48,102.87,0.0187,0.8,5.27,15.5,1.0,Happy
65.66,65.42,140.72,0.0225,2.3,5.87,8.2,0.623,Happy
45.0,102.91,108.31,0.0135,3.0,6.42,14.8,0.713,Happy
49.07,93.53,192.04,0.0218,1.8,5.72,14.5,0.039,Calm
26.42,110.8,390.18,0.0519,2.3,5.95,10.0,0.068,Sad
79.77,69.3,104.23,0.0231,2.0,5.32,11.5,0.67,Happy
69.59,77.71,89.83,0.0931,4.7,4.22,12.9,0.821,Angry
59.6,78.55,126.23,0.0269,0.1,5.31,12.0,0.437,Happy
62.98,78.24,167.74,0.0368,1.2,4.97,14.4,0.076,Calm
64.71,95.65,71.41,0.0382,2.1,5.05,12.2,0.202,Happy
54.13,100.41,500.74,0.0729,2.5,5.1,7.7,0.043,Sad
69.95,53.34,51.95,0.1627,7.0,4.76,10.8,0.944,Angry
35.89,105.81,431.12,0.055,3.7,4.05,9.1,0.1,Sad
53.97,109.38,206.61,0.0201,2.8,4.93,11.4,0.019,Calm
30.16,122.13,414.3,0.0746,4.9,3.99,12.0,0.058,Sad
56.64,98.42,156.05,0.0204,2.0,5.04,16.2,0.081,Calm
59.89,66.77,199.26,0.0401,1.3,6.33,14.0,0.535,Happy
34.58,142.67,401.81,0.0219,2.5,4.62,6.8,0.033,Sad
56.25,96.33,135.87,0.0019,1.7,5.55,13.1,0.017,Calm
41.46,137.67,367.26,0.0701,2.3,5.18,7.3,0.04,Sad
65.46,82.69,195.85,0.0351,2.5,5.74,11.3,0.432,Happy
49.4,101.73,190.12,0.0007,2.9,5.33,17.0,0.164,Calm
56.4,106.65,225.01,0.0183,2.6,4.55,18.1,0.015,Calm
43.03,126.85,348.67,0.0833,2.7,4.52,8.3,0.001,Sad
58.33,92.73,182.78,0.0401,0.3,5.79,12.9,0.083,Calm
58.29,76.91,159.94,0.0398,1.5,5.11,9.8,0.361,Happy
36.68,153.86,481.72,0.0684,3.3,3.85,5.8,0.056,Sad
94.74,63.98,138.71,0.0692,3.6,4.52,4.3,0.576,Angry
32.97,125.39,494.38,0.0539,3.2,4.79,4.8,0.07,Sad
39.38,136.23,536.0,0.0714,4.3,5.06,4.9,0.062,Sad
86.82,63.58,64.35,0.1212,11.2,4.09,8.0,0.835,Angry
80.28,50.85,64.79,0.0882,7.8,3.88,7.8,0.794,Angry
67.12,74.17,76.84,0.0287,3.4,5.66,13.9,0.847,Happy
79.77,49.9,70.44,0.0987,9.7,3.45,9.1,0.894,Angry
76.36,48.91,54.93,0.0936,7.8,5.29,9.7,0.7,Angry
62.46,102.27,202.64,0.0367,1.3,6.03,14.4,0.049,Calm
56.47,102.27,174.87,0.0329,1.3,5.61,12.1,0.05,Calm
39.71,108.2,321.16,0.0306,4.2,4.12,8.0,0.0,Sad
97.78,56.9,105.37,0.1147,4.6,5.8,13.7,0.932,Angry
73.94,53.22,84.86,0.0859,8.2,4.11,4.9,0.53,Angry
75.26,101.77,183.63,0.0094,0.0,5.09,14.2,0.171,Calm
41.85,80.78,227.27,0.0201,2.0,5.53,15.1,0.059,Calm
41.52,80.13,322.75,0.0826,3.1,3.8,6.6,0.112,Sad
41.45,128.85,486.03,0.0542,4.3,3.85,7.5,0.081,Sad
57.01,92.1,166.46,0.0126,1.3,4.06,12.6,0.056,Calm
66.35,84.42,117.29,0.0441,1.9,5.21,13.4,0.647,Happy
42.94,81.76,272.31,0.0364,1.6,6.17,13.7,0.088,Calm
57.0,73.22,165.42,0.0318,2.4,5.44,13.3,0.822,Happy
63.74,75.73,119.64,0.0135,2.8,5.24,9.4,0.341,Happy
57.08,89.41,120.53,0.0278,2.6,4.72,12.2,0.333,Happy
49.15,130.39,304.88,0.049,2.4,4.78,7.6,0.079,Sad
97.12,59.47,107.57,0.0799,6.9,4.15,9.0,0.578,Angry
40.87,137.14,406.5,0.0492,7.6,5.21,8.4,0.053,Sad
62.1,68.8,111.16,0.0416,1.5,5.37,11.9,0.695,Happy
64.67,72.08,68.61,0.0893,12.3,5.01,7.8,0.469,Angry
42.66,168.82,329.73,0.0424,4.3,4.89,6.6,0.024,Sad
59.86,87.75,202.16,0.0213,0.7,6.43,11.2,0.035,Calm
48.24,138.97,476.96,0.0453,5.1,4.67,5.1,0.06,Sad
101.16,77.32,85.83,0.101,8.7,5.31,8.1,0.861,Angry
29.94,73.22,335.25,0.0691,4.8,4.37,7.0,0.029,Sad
63.77,64.4,72.32,0.1061,7.0,4.12,8.9,0.615,Angry
36.21,125.17,395.06,0.0596,5.3,4.11,4.6,0.019,Sad
24.34,132.87,254.56,0.0652,3.9,4.75,5.3,0.088,Sad
68.97,78.62,169.43,0.0452,1.8,5.08,15.2,0.753,Happy
22.33,87.59,351.45,0.0592,0.0,4.2,5.9,0.092,Sad
57.74,91.33,164.14,0.0257,2.7,5.79,15.8,0.074,Calm
28.28,97.99,302.62,0.0532,2.7,4.81,7.1,0.0,Sad
85.15,45.64,74.69,0.1411,9.4,4.78,8.7,1.0,Angry
81.19,61.4,101.43,0.0548,3.1,4.39,4.1,0.736,Angry
59.65,90.4,131.83,0.0483,2.7,4.96,16.3,0.479,Happy
32.23,115.62,563.98,0.05,5.2,4.03,5.4,0.082,Sad
76.19,89.25,151.79,0.0235,2.7,5.4,13.8,0.727,Happy
65.59,122.92,203.65,0.0279,0.1,6.1,15.6,0.076,Calm
25.11,147.84,352.81,0.064,4.0,3.57,7.3,0.116,Sad
67.46,62.9,109.55,0.0374,2.2,5.11,12.0,0.67,Happy
55.12,103.92,173.1,0.0234,0.2,5.66,17.9,0.05,Calm
74.91,80.21,159.26,0.047,2.2,6.5,13.1,0.248,Happy
48.53,98.43,224.92,0.0264,0.9,5.11,13.0,0.112,Calm
64.83,104.08,171.7,0.0421,1.8,5.17,17.3,0.204,Calm
70.27,89.38,101.77,0.0224,1.2,4.73,13.7,0.561,Happy
74.34,82.54,160.13,0.0259,1.5,4.98,12.8,0.516,Happy
76.81,93.8,131.23,0.034,2.5,5.33,10.9,0.466,Happy
32.95,133.54,356.27,0.0446,6.5,5.3,4.4,0.075,Sad
53.9,93.85,140.71,0.0315,1.4,5.52,14.8,0.061,Calm
44.28,155.5,452.12,0.0272,3.7,4.5,8.2,0.07,Sad
51.97,79.8,237.05,0.0161,1.6,5.09,14.9,0.062,Calm
24.17,145.02,234.79,0.0506,0.9,4.31,10.3,0.061,Sad
87.68,45.62,101.68,0.1063,7.4,4.79,7.4,0.833,Angry
52.29,84.82,167.11,0.0071,0.8,6.07,12.2,0.106,Calm
32.88,167.81,403.94,0.0654,3.1,4.72,7.6,0.0,Sad
39.75,150.9,411.59,0.0505,3.5,5.44,5.4,0.096,Sad
50.43,92.0,263.04,0.0195,0.9,5.15,14.7,0.033,Calm
76.12,85.58,150.31,0.0169,0.9,5.05,10.8,0.563,Happy
61.22,90.89,151.93,0.0192,1.3,5.54,10.5,0.643,Happy
32.85,163.12,380.56,0.05,5.6,5.26,6.8,0.038,Sad
60.18,84.69,120.05,0.033,2.8,5.81,11.8,0.559,Happy
60.3,81.34,156.74,0.0234,1.9,5.0,13.2,0.07,Calm
69.33,87.59,132.7,0.0041,1.5,5.4,9.0,0.637,Happy
60.93,91.19,224.15,0.034,0.5,5.27,13.8,0.177,Calm
70.94,82.99,189.05,0.0456,2.0,4.82,12.9,0.464,Happy
27.37,77.39,431.07,0.0481,3.2,4.65,6.9,0.084,Sad
57.31,86.9,256.76,0.0229,2.1,6.06,14.0,0.116,Calm
95.78,60.45,93.19,0.153,9.1,4.87,7.5,0.417,Angry
29.74,133.45,453.72,0.0806,5.3,4.96,7.1,0.062,Sad
66.45,82.48,136.22,0.0215,2.8,4.77,12.1,0.504,Happy
54.62,90.52,226.33,0.016,2.8,6.09,12.2,0.103,Calm
41.57,155.45,410.11,0.0406,2.5,3.63,8.3,0.067,Sad
62.54,87.8,189.31,0.044,1.4,5.1,8.6,0.439,Happy
47.62,88.47,133.94,0.0291,2.3,5.3,13.4,0.513,Happy
62.06,89.16,156.57,0.0203,1.0,6.09,12.5,0.03,Calm
64.8,91.73,166.31,0.0263,2.8,3.78,14.3,0.252,Happy
59.69,94.35,199.46,0.0089,1.3,5.19,14.8,0.05,Calm
58.32,53.78,73.98,0.0811,9.5,5.66,8.0,0.531,Angry
60.91,79.14,207.06,0.0245,1.4,5.18,16.0,0.08,Calm
70.78,76.27,201.81,0.026,2.2,5.67,9.2,0.248,Happy
69.99,86.28,149.63,0.021,2.1,4.86,14.0,0.571,Happy
60.1,76.12,158.58,0.0333,2.7,6.21,11.6,0.44,Happy
93.21,54.95,99.53,0.066,4.8,5.28,8.7,0.732,Angry
40.59,141.69,391.96,0.0489,4.6,4.36,9.8,0.075,Sad
81.03,53.88,82.99,0.1231,11.8,5.38,12.5,0.724,Angry
54.8,89.96,193.11,0.0271,2.5,5.73,14.2,0.175,Calm
52.31,90.94,203.87,0.0039,0.3,5.64,12.4,0.154,Calm
35.4,115.43,425.56,0.0831,4.2,5.1,4.2,0.055,Sad
31.03,126.37,225.83,0.0536,6.1,3.62,5.8,0.06,Sad
66.71,67.54,155.2,0.0339,1.1,5.28,12.1,0.371,Happy
77.31,67.91,100.54,0.118,10.2,5.09,5.3,1.0,Angry
86.28,55.86,93.76,0.0816,6.9,5.63,10.0,0.791,Angry
111.14,62.33,77.05,0.1289,7.5,5.08,16.5,0.759,Angry
57.47,85.59,244.84,0.0281,2.3,5.5,11.2,0.149,Calm
49.05,149.71,469.53,0.0409,2.7,5.07,8.8,0.094,Sad
102.21,63.42,50.0,0.1138,9.1,4.74,14.2,0.929,Angry
54.61,95.93,178.0,0.0149,1.7,5.88,12.8,0.057,Calm
27.4,136.43,540.39,0.0504,4.3,4.92,4.5,0.101,Sad
36.35,144.88,433.72,0.0553,3.5,4.72,6.8,0.064,Sad
65.33,69.98,172.22,0.0249,1.8,4.7,6.9,0.562,Happy
103.58,63.84,104.43,0.104,6.8,4.57,8.1,0.568,Angry
58.85,92.3,208.71,0.0118,2.1,5.47,13.4,0.082,Calm
40.43,180.23,252.79,0.0494,5.0,4.57,6.8,0.011,Sad
33.75,139.12,363.27,0.0361,2.3,3.45,6.2,0.055,Sad
99.17,64.84,60.67,0.0761,7.2,3.18,14.0,0.866,Angry
62.42,77.49,189.85,0.0356,2.5,6.28,10.7,0.786,Happy
67.08,87.82,112.89,0.0168,2.5,5.35,12.5,0.669,Happy
58.98,86.77,158.43,0.0282,1.8,5.57,12.3,0.13,Calm
75.86,56.33,82.91,0.0789,10.4,4.9,3.0,0.851,Angry
29.11,143.38,453.76,0.0577,2.5,4.65,4.6,0.042,Sad
78.5,88.82,149.76,0.0448,2.1,4.77,15.0,0.708,Happy
52.14,81.85,210.71,0.0301,1.8,5.02,11.6,0.875,Happy
59.59,105.73,219.95,0.0006,1.4,5.04,13.6,0.149,Calm
59.81,93.21,192.59,0.024,0.1,5.7,10.6,0.758,Happy
72.46,81.41,113.63,0.0735,7.3,4.32,10.8,0.876,Angry
40.27,107.05,406.82,0.0,3.7,3.52,9.4,0.073,Sad
85.64,70.38,70.46,0.1503,4.1,5.63,11.0,0.543,Angry
44.46,82.31,164.45,0.0184,0.7,5.64,13.5,0.101,Calm
68.8,54.54,53.05,0.073,8.1,4.29,8.1,0.556,Angry
85.35,66.2,60.37,0.0579,7.2,4.58,10.9,0.788,Angry
69.53,60.7,98.25,0.1127,6.9,3.61,6.6,0.828,Angry
21.4,170.84,423.62,0.0345,4.2,4.61,5.7,0.056,Sad
91.01,48.21,112.11,0.1367,3.9,4.15,3.0,0.683,Angry
84.02,71.89,94.95,0.1089,7.9,4.73,14.3,0.578,Angry
43.48,121.38,432.64,0.061,4.7,4.0,7.3,0.061,Sad
41.03,139.4,343.39,0.0358,3.8,3.96,8.7,0.039,Sad
70.75,55.23,90.69,0.1027,5.3,4.8,4.4,0.973,Angry
60.18,94.84,81.83,0.0136,1.0,5.11,14.2,0.079,Calm
53.52,98.33,251.97,0.0267,0.9,5.97,13.4,0.038,Calm
24.65,112.79,366.91,0.0878,4.8,3.7,8.0,0.004,Sad
49.73,111.09,307.73,0.0727,4.5,3.94,7.4,0.019,Sad
68.83,83.34,181.13,0.0249,1.7,4.71,11.1,0.675,Happy
58.2,109.93,184.36,0.0348,1.0,6.03,15.6,0.054,Calm
76.36,46.49,79.17,0.0558,8.9,4.84,10.3,0.73,Angry
31.96,129.38,401.44,0.0595,1.9,4.86,3.0,0.031,Sad
46.09,74.51,250.43,0.0262,1.6,5.32,12.9,0.046,Calm
69.51,58.28,101.93,0.0343,10.1,5.59,7.6,0.882,Angry
67.0,95.77,147.14,0.0328,2.6,5.29,11.1,0.639,Happy
28.44,127.02,440.22,0.0859,5.1,4.35,4.9,0.087,Sad
102.13,54.97,95.13,0.0426,8.3,4.24,9.9,0.763,Angry
92.05,67.44,50.0,0.1028,6.1,4.27,13.1,0.702,Angry
60.64,83.99,148.87,0.041,2.1,5.28,11.3,0.589,Happy
53.97,94.34,131.63,0.0239,1.4,6.14,12.1,0.01,Calm
39.7,88.36,444.25,0.039,6.9,4.04,3.6,0.036,Sad
94.42,38.67,94.29,0.093,8.4,5.34,13.8,1.0,Angry
43.75,106.8,242.09,0.021,1.3,5.66,18.6,0.012,Calm
56.43,86.59,208.83,0.0165,1.8,5.73,16.4,0.099,Calm
60.76,85.13,152.91,0.0397,1.3,5.04,11.2,0.307,Happy
37.32,121.68,324.34,0.0622,2.0,4.97,5.0,0.027,Sad
91.03,49.31,51.46,0.1021,8.7,3.61,11.5,0.923,Angry
28.5,134.46,444.15,0.0636,1.1,4.04,5.2,0.053,Sad
58.4,76.79,162.39,0.0244,1.2,5.32,12.5,0.499,Happy
60.09,76.98,138.35,0.0317,2.2,5.2,12.9,0.838,Happy
30.35,146.7,473.1,0.0191,6.4,4.84,9.8,0.01,Sad
42.8,113.22,405.43,0.0096,6.2,4.19,7.1,0.041,Sad
65.81,95.49,112.83,0.0153,2.2,5.23,12.3,0.649,Happy
70.82,71.95,66.03,0.1037,6.2,3.91,8.5,0.89,Angry
36.44,170.94,346.01,0.0419,7.0,4.0,5.9,0.046,Sad
76.05,52.06,95.07,0.0816,5.3,4.37,12.4,0.802,Angry
36.26,96.54,432.34,0.0643,4.3,4.31,8.2,0.07,Sad
56.84,94.49,225.02,0.0178,1.3,6.05,13.8,0.141,Calm
86.23,61.79,51.78,0.1241,7.5,5.31,3.3,0.847,Angry
92.65,63.11,103.91,0.0544,8.0,5.24,5.3,0.575,Angry
51.18,102.41,188.47,0.0215,1.6,5.58,14.0,0.126,Calm
52.66,108.56,198.6,0.0109,1.9,5.34,11.6,0.055,Calm
61.73,97.29,187.07,0.0227,1.1,6.19,13.6,0.096,Calm
51.81,91.11,155.04,0.0238,3.5,5.81,12.3,0.157,Calm
61.19,88.74,157.88,0.0319,2.9,5.13,12.8,0.579,Happy
42.75,123.96,373.64,0.0646,4.5,4.69,7.9,0.004,Sad
71.33,70.91,192.08,0.016,2.6,6.3,10.0,0.487,Happy
47.38,106.55,294.7,0.0162,0.5,5.34,14.0,0.128,Calm
37.7,131.16,467.87,0.0051,3.1,4.63,9.4,0.035,Sad
95.45,71.39,82.61,0.0958,6.0,4.22,6.9,0.597,Angry
58.68,94.67,233.22,0.0109,0.1,5.29,12.5,0.096,Calm
99.8,59.91,72.24,0.1392,6.0,3.81,7.4,0.893,Angry
60.11,79.63,137.12,0.0231,0.6,5.16,9.0,0.752,Happy
71.88,74.17,144.99,0.0328,1.8,6.0,13.0,0.747,Happy
67.17,67.23,117.57,0.0405,2.0,5.54,12.1,0.606,Happy
44.9,115.76,276.58,0.0468,3.3,3.92,6.6,0.065,Sad
65.1,94.54,142.06,0.0572,2.6,4.77,9.9,0.696,Happy
33.74,119.22,356.14,0.0667,2.3,4.63,9.4,0.035,Sad
78.2,52.8,66.86,0.0791,5.7,4.53,7.1,0.831,Angry
67.31,88.06,196.03,0.0173,0.0,5.38,15.8,0.127,Calm
54.59,92.37,187.91,0.0253,0.8,5.07,11.8,0.202,Calm
87.73,67.63,63.56,0.0634,5.9,4.71,5.8,0.799,Angry
51.29,87.05,117.11,0.0215,1.4,5.95,14.7,0.167,Calm
51.68,119.89,315.29,0.0796,6.9,4.5,9.0,0.09,Sad
35.29,121.73,361.79,0.0249,3.8,4.16,3.0,0.112,Sad
53.6,93.04,216.39,0.014,2.7,5.44,15.2,0.173,Calm
56.57,69.32,178.51,0.0471,1.9,5.12,12.1,0.832,Happy
79.99,90.8,136.58,0.0428,2.1,5.63,13.0,0.431,Happy
59.13,90.56,165.85,0.0136,2.1,5.25,13.8,0.101,Calm
57.79,101.09,222.9,0.024,2.2,5.66,13.4,0.06,Calm
69.14,72.74,155.6,0.0224,1.4,4.5,10.2,0.33,Happy
50.35,108.68,278.68,0.0196,2.5,5.08,16.2,0.152,Calm
45.23,72.03,167.31,0.028,2.4,4.9,12.2,0.569,Happy
74.48,67.93,72.29,0.0379,9.3,4.26,6.4,0.74,Angry
59.59,80.34,117.38,0.0191,2.7,4.63,13.3,0.693,Happy
88.28,48.02,79.94,0.084,6.3,4.54,6.1,0.506,Angry
70.77,68.71,134.26,0.0349,0.8,5.56,11.5,0.525,Happy
38.37,108.79,342.64,0.0243,5.5,3.24,9.3,0.092,Sad
75.15,54.88,74.82,0.0944,9.2,5.69,8.5,0.965,Angry
63.52,78.7,151.31,0.0285,3.0,6.31,10.9,0.326,Happy
71.06,70.78,176.09,0.0436,2.4,6.14,10.5,0.351,Happy
49.18,81.47,205.95,0.0183,1.6,5.49,19.2,0.033,Calm
43.7,132.57,381.95,0.0778,5.0,5.47,4.2,0.049,Sad
39.57,148.08,376.2,0.0762,4.5,4.62,4.5,0.059,Sad
105.59,58.83,86.56,0.1286,5.4,5.06,6.8,0.93,Angry
63.64,75.47,170.89,0.0396,2.1,5.94,9.7,0.561,Happy
63.13,84.66,179.62,0.0292,1.7,5.28,10.3,1.0,Happy
61.21,79.86,166.39,0.0301,1.6,5.15,11.8,0.526,Happy
47.75,144.21,434.35,0.0576,3.2,4.42,10.3,0.022,Sad
48.99,105.33,173.94,0.0013,1.2,5.66,13.1,0.085,Calm
47.06,140.88,467.66,0.0603,3.3,4.95,4.2,0.082,Sad
56.83,87.08,157.31,0.0244,0.7,5.64,13.3,0.58,Happy
95.67,46.54,64.66,0.102,9.1,5.15,9.7,0.812,Angry
44.8,87.65,192.22,0.0267,1.7,6.14,11.9,0.144,Calm
71.63,52.43,61.16,0.0836,6.6,5.39,8.0,0.562,Angry
42.17,118.2,389.43,0.0514,1.7,4.03,9.7,0.077,Sad
93.92,57.54,80.63,0.1482,7.0,5.0,5.5,0.767,Angry
86.36,62.23,98.4,0.1306,5.8,4.37,5.9,0.905,Angry
47.24,95.84,156.78,0.0082,1.2,5.3,12.9,0.123,Calm
61.43,42.23,79.95,0.0837,11.0,6.08,6.4,0.884,Angry
73.4,74.65,189.52,0.032,4.1,4.86,15.5,0.64,Happy
77.52,79.34,133.34,0.0488,0.6,4.1,12.9,0.5,Happy
41.25,118.99,425.31,0.0323,4.3,5.28,8.2,0.038,Sad
100.03,61.94,92.88,0.1025,3.5,4.2,11.0,0.825,Angry
41.69,119.19,259.82,0.0172,0.0,5.62,11.1,0.122,Calm
64.14,69.65,133.39,0.018,4.0,5.22,10.6,0.643,Happy
84.25,62.89,81.69,0.1239,8.8,4.06,11.6,0.622,Angry
102.39,56.22,75.17,0.144,8.0,5.11,5.4,0.902,Angry
62.89,102.13,158.96,0.0261,2.7,5.49,19.2,0.014,Calm
94.83,65.09,60.68,0.0838,6.1,3.76,6.5,0.63,Angry
51.45,110.55,155.42,0.0026,2.4,4.59,13.6,0.256,Calm
47.28,89.95,208.35,0.0206,1.2,4.74,14.9,0.199,Calm
64.6,86.75,116.32,0.0338,2.2,5.45,12.6,1.0,Happy
73.08,61.63,81.69,0.0679,8.9,6.43,8.9,0.876,Angry
41.27,160.42,324.09,0.0849,5.4,4.36,9.3,0.017,Sad
63.21,94.9,101.97,0.0217,1.9,4.38,11.6,0.932,Happy
83.78,49.89,95.02,0.1196,8.9,4.79,7.2,0.566,Angry
65.78,72.27,150.74,0.035,3.5,5.68,16.3,0.447,Happy
35.11,111.47,397.48,0.033,4.9,3.43,6.3,0.059,Sad
84.27,51.01,88.34,0.135,7.0,5.7,12.2,0.639,Angry
64.83,72.53,77.27,0.0388,2.7,5.06,12.1,0.703,Happy
67.14,88.9,152.47,0.0407,1.5,5.9,16.6,0.527,Happy
64.89,69.42,174.68,0.0178,2.2,4.22,9.3,0.639,Happy
94.48,71.63,86.54,0.0583,6.6,5.54,8.8,0.875,Angry
62.86,106.71,149.74,0.0329,1.2,5.74,12.2,0.107,Calm
77.41,81.16,185.38,0.0307,4.1,6.08,11.5,0.794,Happy
55.48,96.43,122.98,0.0364,1.7,5.5,10.9,0.567,Happy
56.24,92.61,259.12,0.0052,0.9,6.11,14.3,0.144,Calm
47.64,136.26,454.97,0.0793,2.3,4.48,5.9,0.003,Sad
59.16,106.67,235.65,0.018,1.3,5.68,15.6,0.13,Calm
101.68,43.86,59.93,0.0901,9.8,5.34,8.5,0.846,Angry
104.81,52.45,79.36,0.101,2.6,3.98,5.7,0.923,Angry
82.85,58.68,105.84,0.0775,9.6,4.95,8.5,1.0,Angry
37.84,126.51,418.02,0.0426,3.8,5.0,6.1,0.002,Sad
32.8,120.29,498.47,0.0837,4.8,3.97,11.0,0.034,Sad
84.19,47.1,64.35,0.1256,7.5,4.79,11.6,0.872,Angry
30.4,113.49,635.93,0.0749,2.0,3.71,8.0,0.066,Sad
60.19,83.2,102.21,0.0344,2.0,5.48,12.4,0.873,Happy
63.02,73.18,119.95,0.0272,3.8,5.52,10.9,0.715,Happy
58.21,107.09,128.8,0.0306,3.5,5.32,17.8,0.087,Calm
41.82,86.57,399.35,0.0532,3.6,5.27,7.8,0.089,Sad
76.98,62.32,53.04,0.1005,10.8,5.52,13.9,0.859,Angry
75.34,62.26,66.87,0.0922,4.0,4.65,8.4,0.881,Angry
52.24,74.01,150.16,0.0305,1.5,5.51,9.9,0.572,Happy
117.44,57.23,102.06,0.1433,7.4,4.21,3.0,0.903,Angry
65.92,52.02,61.94,0.1243,7.2,3.9,11.6,0.585,Angry
37.63,164.08,499.75,0.0488,5.4,4.28,3.6,0.022,Sad
62.24,97.69,163.99,0.0159,1.7,5.42,15.9,0.024,Calm
74.52,67.72,167.92,0.037,1.7,5.89,11.7,0.625,Happy
40.25,129.78,334.96,0.0665,4.3,4.51,5.0,0.089,Sad
120.23,47.12,71.42,0.1125,8.2,5.47,14.4,0.876,Angry
53.97,117.65,277.2,0.0124,5.1,3.37,6.3,0.063,Sad
46.03,96.81,180.34,0.0137,0.1,5.51,13.9,0.133,Calm
51.9,116.25,89.05,0.0182,2.9,5.55,15.5,0.105,Calm
30.9,131.71,325.97,0.0551,2.7,4.26,5.0,0.07,Sad
59.56,82.32,158.79,0.0229,3.9,5.44,9.6,0.731,Happy
80.52,54.0,76.6,0.1491,6.6,4.79,7.6,0.965,Angry
65.91,86.62,197.58,0.0176,4.1,4.22,11.7,0.718,Happy
102.64,52.53,50.0,0.1398,6.0,4.37,3.7,1.0,Angry
39.43,145.32,270.73,0.056,5.4,4.25,8.4,0.134,Sad
98.07,88.38,51.23,0.0932,2.2,4.93,10.1,0.794,Angry
52.59,102.1,237.12,0.0221,0.0,5.51,16.5,0.126,Calm
31.83,115.76,494.94,0.0787,3.6,4.53,5.2,0.085,Sad
73.59,68.35,69.67,0.0693,7.6,2.93,3.7,0.773,Angry
30.61,132.53,321.23,0.0341,3.4,3.68,5.1,0.071,Sad
87.16,56.72,63.29,0.1329,8.7,4.45,10.7,0.574,Angry
55.36,114.26,203.25,0.0318,1.2,5.38,11.3,0.063,Calm
77.17,52.67,69.44,0.1406,0.6,5.08,9.1,0.548,Angry
64.83,81.17,188.33,0.0241,2.5,5.1,11.6,0.82,Happy
56.62,85.37,185.57,0.0372,3.0,4.82,9.2,0.9,Happy
64.56,82.86,165.63,0.0365,2.6,5.24,11.6,0.57,Happy
93.32,35.67,62.28,0.09,8.4,6.55,8.3,0.589,Angry
54.6,106.94,186.31,0.029,1.7,5.68,14.8,0.02,Calm
46.02,102.27,227.75,0.0358,0.9,5.78,13.4,0.16,Calm
83.9,47.02,71.93,0.1025,8.8,4.67,5.4,0.809,Angry
43.85,89.92,114.93,0.0203,1.7,6.14,14.2,0.152,Calm
45.07,113.1,280.08,0.0482,3.9,4.83,8.9,0.048,Sad
64.29,105.8,125.89,0.0464,3.7,4.92,13.1,0.926,Happy
89.8,62.42,59.4,0.1014,4.9,4.86,7.6,1.0,Angry
85.95,69.11,93.93,0.1084,6.6,4.58,11.6,0.883,Angry
93.99,52.83,50.09,0.0996,6.7,4.49,10.3,0.687,Angry
68.35,94.02,169.51,0.015,3.1,4.7,11.2,0.65,Happy
79.91,54.56,50.0,0.0901,8.5,3.91,12.1,0.873,Angry
62.51,106.36,204.12,0.0155,0.7,5.48,15.1,0.084,Calm
108.52,65.41,81.66,0.1011,2.2,5.32,9.4,0.864,Angry
88.85,72.03,111.21,0.0415,4.4,5.72,8.2,0.699,Angry
44.11,110.68,393.65,0.044,2.5,4.72,5.9,0.07,Sad
52.43,77.95,190.08,0.0152,1.1,5.67,15.3,0.112,Calm
89.32,49.07,105.42,0.0706,3.8,5.07,6.5,0.848,Angry
93.29,54.66,82.78,0.0986,5.1,4.72,8.6,0.775,Angry
58.73,76.78,174.41,0.0177,2.2,5.85,8.8,0.637,Happy
59.79,75.16,140.39,0.0342,2.5,4.91,12.0,1.0,Happy
48.25,149.94,422.45,0.0852,4.6,4.73,6.9,0.087,Sad
59.44,75.91,134.28,0.0315,1.2,5.76,12.0,0.598,Happy
61.35,99.71,200.47,0.0102,2.1,6.17,14.7,0.196,Calm
53.31,88.63,261.7,0.0058,1.6,5.46,15.7,0.095,Calm
74.77,85.82,143.21,0.0204,1.6,5.74,15.8,0.909,Happy
73.59,69.73,153.99,0.023,3.2,4.44,10.9,0.675,Happy
50.66,98.67,168.17,0.0375,2.3,5.82,13.8,0.176,Calm
92.6,55.35,50.0,0.0955,2.3,5.05,6.1,0.825,Angry
78.26,65.75,50.0,0.1765,8.1,4.9,12.5,1.0,Angry
70.3,91.73,155.43,0.017,2.4,4.87,10.9,0.717,Happy
43.68,107.03,465.5,0.0808,2.3,3.95,9.0,0.058,Sad
52.11,155.81,368.22,0.028,4.5,4.55,7.7,0.056,Sad
34.59,122.96,338.4,0.0241,3.3,4.61,8.2,0.033,Sad
53.1,108.74,232.27,0.0,0.7,5.88,14.3,0.049,Calm
47.76,86.14,86.0,0.0254,3.1,5.56,11.2,0.068,Calm
76.4,69.72,90.62,0.1257,6.8,5.22,7.7,1.0,Angry
56.48,103.87,141.95,0.0108,2.5,5.71,12.8,0.16,Calm
37.61,136.76,471.3,0.0501,4.9,5.48,7.8,0.059,Sad
46.85,113.07,443.48,0.054,4.4,5.26,8.5,0.059,Sad
69.15,95.33,146.74,0.034,2.7,5.0,12.4,0.603,Happy
42.58,146.22,320.49,0.0584,2.7,4.56,4.5,0.0,Sad
78.38,84.19,128.85,0.0294,2.6,5.24,13.1,0.416,Happy
64.76,97.36,184.56,0.0108,1.7,4.52,13.6,0.09,Calm
61.45,71.15,144.81,0.0471,0.6,4.39,14.9,0.558,Happy
65.8,74.97,103.48,0.0307,0.9,5.44,10.2,0.91,Happy
45.98,122.25,312.11,0.0784,3.8,4.63,9.5,0.019,Sad
58.93,81.5,160.25,0.0488,3.0,4.91,10.2,0.698,Happy
61.09,68.8,154.23,0.0123,2.3,5.13,11.1,0.281,Happy
33.29,134.47,260.62,0.0391,2.4,4.58,9.0,0.069,Sad
33.75,127.25,476.62,0.0542,4.5,3.84,5.2,0.104,Sad
51.53,86.04,182.05,0.0223,2.0,5.84,13.0,0.114,Calm
51.0,72.58,208.22,0.0122,0.9,5.3,17.5,0.22,Calm
77.15,35.41,87.47,0.1437,5.8,5.11,4.3,0.869,Angry
52.25,84.82,234.41,0.0281,0.6,5.79,17.1,0.195,Calm
33.7,115.8,478.31,0.0226,6.4,5.0,9.2,0.036,Sad
55.28,101.95,182.54,0.0307,1.7,5.23,14.0,0.088,Calm
70.44,91.93,96.64,0.0332,1.5,5.16,12.7,0.503,Happy
42.73,89.21,242.24,0.0279,2.2,5.11,17.2,0.052,Calm
89.29,60.77,98.13,0.1022,11.1,3.79,7.5,0.781,Angry
56.3,90.35,152.91,0.0247,2.9,5.4,9.2,0.134,Calm
80.21,79.39,128.75,0.0149,0.2,4.41,12.5,0.702,Happy
69.12,118.53,167.13,0.0414,3.0,5.53,11.4,0.752,Happy
72.1,75.79,71.87,0.032,2.4,5.4,14.5,0.386,Happy
58.71,98.47,159.66,0.0047,2.7,6.07,9.0,0.077,Calm
43.71,129.04,385.35,0.0429,5.8,4.12,7.1,0.052,Sad
63.35,92.88,201.31,0.0202,0.8,5.53,16.8,0.122,Calm
32.88,145.16,454.84,0.087,3.7,4.9,7.2,0.089,Sad
72.63,82.87,131.63,0.0336,0.9,5.25,11.9,0.558,Happy
72.2,83.07,174.39,0.0363,1.2,4.92,13.5,0.722,Happy
87.01,73.95,69.21,0.1268,3.7,4.17,3.6,0.759,Angry
73.02,66.23,97.27,0.1051,9.3,3.95,10.4,0.624,Angry
44.45,92.49,161.11,0.0208,2.6,4.8,12.4,0.072,Calm
38.5,125.76,323.85,0.0515,4.4,3.75,7.7,0.045,Sad
46.77,121.04,344.62,0.0106,4.2,5.73,7.6,0.049,Sad
81.76,59.67,119.06,0.1206,10.1,5.22,6.9,0.818,Angry
52.71,102.4,193.06,0.0242,1.0,5.59,15.6,0.063,Calm
83.46,52.18,50.0,0.148,8.4,5.17,9.5,0.593,Angry
75.14,72.92,163.31,0.0377,1.1,5.17,5.5,0.395,Happy
50.82,106.38,178.84,0.0278,0.3,5.59,10.0,0.087,Calm
59.29,91.07,136.51,0.0179,2.0,6.22,11.6,0.079,Calm
57.98,71.73,143.21,0.0337,2.9,4.8,15.0,0.546,Happy
50.76,102.2,197.19,0.0171,1.8,5.2,13.3,0.106,Calm
52.46,87.34,229.36,0.0046,2.0,5.77,12.2,0.059,Calm
46.77,91.94,241.93,0.0116,1.0,5.74,14.0,0.129,Calm
33.25,123.64,337.51,0.0448,6.4,4.98,8.7,0.008,Sad
58.81,93.82,181.78,0.0224,1.9,5.78,16.4,0.12,Calm
64.84,75.77,223.08,0.0182,1.6,5.34,14.2,0.108,Calm
59.69,95.52,241.82,0.018,1.8,5.48,13.8,0.113,Calm
69.07,81.0,195.85,0.0082,2.8,5.26,11.1,0.132,Calm
88.96,50.23,72.69,0.1151,8.0,5.74,8.8,0.846,Angry
40.7,146.76,345.66,0.0,4.8,3.77,3.0,0.0,Sad
66.07,78.48,171.24,0.0396,1.2,4.53,8.3,0.702,Happy
77.78,52.4,62.99,0.0838,8.5,4.64,5.0,1.0,Angry
45.34,102.53,156.72,0.0166,2.7,4.94,10.9,0.113,Calm
72.35,77.1,158.02,0.0332,1.3,5.7,11.7,0.449,Happy
87.62,75.47,77.34,0.0604,11.3,4.47,9.5,0.973,Angry
94.44,53.29,50.0,0.1408,8.5,3.58,7.2,1.0,Angry
49.71,95.9,246.58,0.0293,1.5,5.36,15.9,0.134,Calm
84.58,49.75,105.81,0.1017,11.1,3.66,7.3,0.805,Angry
88.27,59.31,90.96,0.0598,5.5,4.72,14.7,0.783,Angry
57.74,64.55,240.87,0.0344,0.7,5.11,13.1,0.062,Calm
61.9,79.26,216.31,0.0258,0.0,5.82,15.8,0.084,Calm
59.61,82.79,124.94,0.0515,0.8,5.35,13.3,0.683,Happy
60.78,106.66,197.65,0.0178,1.7,5.04,13.6,0.137,Calm
50.6,87.6,284.84,0.0298,0.0,5.27,10.4,0.052,Calm
27.24,127.1,364.32,0.0523,3.5,3.3,6.2,0.041,Sad
69.73,91.09,174.61,0.0351,3.1,5.78,14.8,0.73,Happy
52.35,88.95,135.51,0.0315,3.6,5.65,11.5,0.422,Happy
47.08,92.61,251.42,0.0194,1.6,5.69,16.3,0.017,Calm
80.49,44.34,88.83,0.057,5.3,3.33,4.7,0.827,Angry
61.44,94.53,197.39,0.0248,1.6,5.06,9.3,0.416,Happy
40.8,132.62,393.8,0.0261,6.2,5.58,3.6,0.019,Sad
41.0,131.54,352.5,0.0467,4.1,3.22,7.9,0.021,Sad
83.62,66.8,66.85,0.0985,8.4,6.98,11.4,0.673,Angry
27.89,120.34,393.38,0.0549,5.4,4.82,6.6,0.044,Sad
53.07,94.68,276.51,0.0068,3.1,5.8,14.8,0.051,Calm
51.98,106.79,252.45,0.0286,1.7,5.41,11.6,0.197,Calm
115.86,33.01,92.17,0.0833,5.8,4.37,6.3,1.0,Angry
54.99,94.44,147.54,0.0412,2.3,5.43,13.1,0.69,Happy
70.16,93.69,121.05,0.0369,3.1,4.32,9.6,0.192,Happy
53.78,97.5,112.68,0.0231,1.3,5.65,11.4,0.85,Happy
39.99,110.24,332.25,0.075,5.2,4.48,6.2,0.0,Sad
66.09,104.91,195.16,0.0273,1.2,5.83,9.2,0.049,Calm
66.35,93.18,119.8,0.0414,3.3,5.14,7.8,0.478,Happy
45.41,109.9,282.18,0.0354,1.2,5.04,11.9,0.016,Calm
99.29,50.18,101.84,0.0836,4.3,5.31,12.9,1.0,Angry
55.31,102.8,185.0,0.0357,0.9,5.76,16.9,0.031,Calm
76.14,77.5,158.66,0.0326,1.9,5.61,13.6,0.25,Happy
71.5,93.56,147.84,0.04,2.4,4.88,12.7,0.908,Happy
56.26,76.84,186.39,0.0314,4.3,5.4,12.4,0.538,Happy
67.25,73.77,143.76,0.0251,1.4,5.62,12.7,0.461,Happy
31.1,124.32,495.58,0.0679,1.9,4.71,3.0,0.051,Sad
72.69,60.75,82.14,0.0676,6.6,5.08,10.1,0.876,Angry
40.84,81.84,204.02,0.0424,2.2,4.95,13.6,0.405,Happy
27.28,140.29,445.76,0.0488,5.7,4.3,8.1,0.019,Sad
98.02,60.46,70.33,0.0926,6.7,5.22,13.1,0.854,Angry
55.74,80.42,265.21,0.0237,1.0,5.0,14.8,0.094,Calm
94.2,55.03,89.22,0.0543,8.6,4.41,9.0,0.786,Angry
48.16,130.28,352.29,0.044,5.2,4.15,5.5,0.043,Sad
91.78,79.63,75.58,0.1021,7.4,6.47,3.0,0.902,Angry
60.97,100.76,188.2,0.0154,1.8,5.73,16.8,0.16,Calm
56.28,94.9,193.05,0.0334,0.9,4.96,14.0,0.08,Calm
51.75,93.98,226.84,0.0307,2.3,5.47,11.5,0.05,Calm
70.36,69.28,103.39,0.0382,2.4,4.75,10.3,0.825,Happy
96.93,76.49,62.95,0.1143,8.3,4.47,6.7,1.0,Angry
62.12,66.74,137.6,0.0326,1.0,4.72,12.7,0.59,Happy
53.73,100.42,186.48,0.02,1.3,5.32,12.6,0.123,Calm
52.6,109.7,371.08,0.0583,3.9,3.91,9.2,0.12,Sad
66.0,75.71,153.67,0.0354,2.0,5.22,10.6,0.467,Happy
45.8,83.71,238.9,0.0287,1.8,4.81,13.3,0.039,Calm
25.18,105.43,233.95,0.0483,3.8,4.3,4.9,0.015,Sad
55.98,109.95,147.48,0.0239,0.9,5.3,12.4,0.063,Calm
62.98,93.79,146.4,0.0151,0.3,5.05,14.8,0.041,Calm
91.25,56.07,51.48,0.1118,8.7,4.36,9.9,0.745,Angry
68.43,54.77,74.85,0.0979,8.4,4.32,8.2,0.798,Angry
60.88,92.5,208.3,0.0065,3.0,5.98,13.6,0.08,Calm
53.84,105.5,175.56,0.028,1.5,5.43,14.5,0.08,Calm
41.41,151.44,329.66,0.057,3.8,5.01,6.8,0.038,Sad
84.52,43.15,77.32,0.1156,10.3,4.39,4.3,0.923,Angry
53.65,97.96,177.65,0.0169,1.2,5.25,16.5,0.123,Calm
44.24,100.4,186.94,0.0083,1.7,4.88,14.1,0.029,Calm
49.3,123.56,506.03,0.0219,4.9,4.06,4.2,0.057,Sad
89.77,51.03,74.39,0.0579,6.8,5.58,11.1,1.0,Angry
73.59,55.9,59.86,0.1014,5.9,3.75,12.8,0.725,Angry
64.7,87.3,245.73,0.0218,1.7,4.71,9.6,0.089,Calm
51.46,79.02,120.34,0.019,2.2,5.9,13.8,0.286,Happy
69.76,88.53,172.77,0.0328,2.1,5.17,10.5,0.544,Happy
53.69,94.69,206.8,0.027,2.0,5.31,12.9,0.132,Calm
61.19,80.91,217.8,0.0285,2.2,5.05,12.7,0.15,Calm
42.41,113.91,471.63,0.0374,4.4,4.99,6.9,0.064,Sad
26.4,119.51,341.18,0.0644,2.4,4.95,9.7,0.071,Sad
62.42,92.46,181.68,0.0248,0.6,5.91,11.9,0.047,Calm
60.79,102.04,274.08,0.0158,0.6,5.36,16.9,0.009,Calm
54.07,76.87,199.23,0.021,2.4,6.14,12.6,0.14,Calm
70.6,68.39,71.8,0.1235,4.1,3.92,6.7,0.812,Angry
37.02,136.15,358.03,0.077,4.6,4.52,4.1,0.011,Sad
52.79,92.63,133.44,0.0556,1.4,5.29,15.1,1.0,Happy
84.09,39.78,83.82,0.0989,7.3,4.43,18.2,1.0,Angry
63.62,80.16,117.11,0.0156,3.6,4.78,10.0,0.169,Happy
98.68,49.95,78.83,0.1134,7.4,5.57,10.4,0.671,Angry
51.1,91.73,280.1,0.0169,1.8,5.72,12.0,0.057,Calm
52.08,91.65,127.96,0.0219,2.2,5.77,10.0,0.612,Happy
87.83,48.73,72.31,0.0938,10.2,3.34,12.6,0.659,Angry
49.24,88.93,113.66,0.0373,2.0,4.72,11.2,0.737,Happy
47.77,90.97,135.63,0.0214,2.7,5.0,14.1,0.723,Happy
65.47,101.64,208.19,0.0241,2.6,5.15,13.8,0.077,Calm
39.3,138.51,417.78,0.0756,2.6,4.09,5.5,0.075,Sad
61.38,55.76,102.48,0.0376,2.8,5.41,10.1,0.59,Happy
67.39,72.48,137.21,0.0415,2.1,4.48,13.8,0.466,Happy
81.22,63.22,94.3,0.0985,7.0,4.9,7.5,0.661,Angry
63.44,91.34,167.81,0.0006,2.7,5.3,12.0,0.522,Happy
61.37,91.76,200.57,0.0291,2.8,5.79,13.8,0.169,Calm
39.42,162.64,341.36,0.0864,5.2,4.83,7.5,0.043,Sad
71.18,61.31,87.72,0.0647,8.9,3.56,7.3,0.761,Angry
59.77,61.69,165.34,0.0437,1.9,5.68,15.2,0.863,Happy
86.8,61.17,88.72,0.1253,7.8,5.12,4.3,0.808,Angry
61.24,85.43,136.1,0.0253,2.2,4.24,8.6,0.488,Happy
63.66,81.47,186.2,0.0218,2.4,5.0,12.1,0.856,Happy
99.01,51.31,67.11,0.0178,9.4,5.88,7.3,0.762,Angry
52.75,94.51,209.42,0.0,0.9,5.34,17.0,0.046,Calm
61.13,97.11,186.42,0.0296,2.0,5.23,11.3,0.086,Calm
25.18,108.97,519.79,0.0872,3.8,3.76,11.2,0.098,Sad
81.91,72.99,77.42,0.0745,5.5,4.11,8.2,0.985,Angry
67.94,91.19,184.96,0.0144,1.1,4.4,14.8,0.058,Calm
44.83,148.37,300.34,0.0511,2.9,3.74,6.6,0.041,Sad
97.49,36.54,72.62,0.1064,5.2,6.01,7.1,0.794,Angry
77.31,93.89,53.62,0.1006,7.4,5.74,10.1,0.725,Angry
61.24,84.81,190.89,0.0106,1.2,5.91,14.2,0.23,Calm
59.74,84.51,83.11,0.1119,6.9,4.29,8.4,0.56,Angry
93.51,60.23,77.23,0.0873,6.4,5.53,8.0,0.599,Angry
60.85,98.69,139.77,0.0195,1.0,5.63,12.4,0.049,Calm
52.0,101.69,274.76,0.0125,0.2,4.7,13.7,0.067,Calm
95.78,73.5,69.75,0.1205,9.8,6.05,8.3,0.455,Angry
88.28,35.1,78.16,0.1005,8.6,5.48,7.5,0.777,Angry
61.92,106.63,217.42,0.0217,0.0,5.23,13.0,0.006,Calm
41.37,159.93,360.4,0.04,5.7,4.68,9.5,0.059,Sad
88.84,43.12,71.16,0.1033,10.4,4.02,11.9,1.0,Angry
46.02,73.25,398.67,0.0479,3.3,5.54,5.2,0.073,Sad
46.99,81.47,209.05,0.0401,5.6,3.56,3.0,0.067,Sad
51.05,89.05,219.13,0.0142,1.6,4.88,18.4,0.033,Calm
37.86,127.85,497.62,0.0285,2.9,5.12,5.8,0.077,Sad
104.08,53.17,64.06,0.1012,7.9,4.52,10.6,0.846,Angry
44.39,91.99,218.53,0.0167,1.3,5.01,15.1,0.068,Calm
30.32,100.46,340.85,0.0738,5.4,4.65,3.9,0.044,Sad
60.39,81.22,226.8,0.029,3.1,4.85,11.9,0.954,Happy
54.15,103.78,231.63,0.0198,0.1,6.7,17.5,0.136,Calm
36.5,137.59,455.24,0.0553,5.0,4.46,4.6,0.082,Sad
99.72,41.03,104.89,0.1669,4.4,5.34,9.0,0.568,Angry
80.59,63.45,56.72,0.0893,5.3,4.18,3.0,1.0,Angry
87.32,75.72,78.51,0.0945,8.2,4.87,7.8,0.877,Angry
59.99,102.98,143.03,0.0391,1.0,5.39,12.2,0.235,Calm
74.5,105.9,167.39,0.0333,2.2,5.02,12.7,0.541,Happy
44.66,109.58,437.88,0.0446,5.3,3.22,6.8,0.032,Sad
68.75,68.81,50.0,0.0929,11.3,3.72,3.1,0.575,Angry
98.4,62.79,89.98,0.0897,7.4,5.18,7.3,0.788,Angry
27.73,119.97,478.02,0.0603,5.5,4.81,4.8,0.04,Sad
75.21,42.54,86.04,0.0836,10.7,4.82,6.6,0.628,Angry
55.38,92.24,153.66,0.0018,1.1,5.86,16.5,0.159,Calm
60.53,90.2,182.69,0.0419,1.3,5.79,14.0,0.008,Calm
90.75,68.75,66.15,0.0802,5.9,5.18,12.1,0.739,Angry
64.74,46.56,93.42,0.1181,6.2,4.09,5.9,0.744,Angry
58.2,86.94,191.4,0.0354,2.3,5.86,13.0,0.127,Calm
88.54,57.14,71.79,0.1546,9.4,4.9,3.0,0.746,Angry
61.39,59.75,85.87,0.1075,6.3,4.89,13.5,0.857,Angry
69.48,90.81,175.02,0.0346,1.9,4.37,12.9,0.642,Happy
67.22,43.93,82.7,0.0902,4.3,4.6,10.5,0.879,Angry
39.6,92.84,448.26,0.056,5.0,5.13,7.7,0.054,Sad
34.63,143.92,358.58,0.0482,7.3,3.65,3.3,0.074,Sad
57.68,77.78,171.18,0.0241,1.8,5.99,13.7,0.12,Calm
50.28,98.32,129.78,0.0245,0.8,5.25,11.8,0.137,Calm
57.77,85.76,181.96,0.0229,0.9,5.48,11.0,0.132,Calm
82.79,30.15,75.56,0.1291,5.7,4.84,6.7,0.854,Angry
63.54,93.75,130.62,0.022,1.5,4.72,12.2,0.925,Happy
65.61,67.17,179.89,0.0251,0.4,4.99,15.0,0.77,Happy
51.24,94.59,194.14,0.0301,0.7,5.6,12.8,0.115,Calm
65.78,85.95,125.45,0.0509,1.0,4.59,14.3,0.758,Happy
49.55,101.04,135.31,0.0235,1.0,5.21,11.1,0.077,Calm
63.97,61.18,133.54,0.0309,2.2,4.69,14.5,0.427,Happy
24.91,122.23,415.23,0.059,3.2,4.52,3.0,0.03,Sad
80.97,111.1,168.2,0.0282,2.5,5.64,11.4,0.959,Happy
31.25,162.57,377.25,0.0818,5.0,4.42,6.0,0.04,Sad
38.51,121.77,392.86,0.0492,1.4,5.4,7.1,0.063,Sad
32.46,130.68,290.8,0.064,4.8,4.8,7.0,0.062,Sad
67.22,96.47,220.42,0.022,1.9,5.45,13.9,0.145,Calm
69.38,37.76,77.5,0.1005,7.4,4.49,8.4,0.855,Angry
38.09,139.6,378.51,0.0133,3.4,4.98,6.4,0.043,Sad
63.09,70.92,132.7,0.0376,2.5,4.71,12.2,0.75,Happy
65.48,104.63,144.23,0.033,2.0,4.62,14.3,0.75,Happy
56.43,99.8,182.71,0.0223,0.8,6.02,12.7,0.156,Calm
46.75,103.34,372.04,0.0345,4.6,5.24,5.8,0.0,Sad
41.17,110.35,404.72,0.0589,3.5,4.6,5.1,0.044,Sad
81.49,92.08,180.72,0.0359,2.8,4.92,10.4,0.599,Happy
74.26,72.75,126.76,0.0742,8.1,4.29,12.1,0.61,Angry
67.94,98.38,143.3,0.0265,2.0,5.05,13.6,0.277,Happy
101.7,61.33,106.36,0.0593,6.1,4.6,8.7,0.813,Angry
39.95,87.31,181.64,0.0258,1.7,5.43,14.0,0.051,Calm
98.65,64.79,86.21,0.0662,4.7,5.03,4.9,0.72,Angry
45.57,103.76,449.77,0.0766,4.6,5.15,11.0,0.081,Sad
101.69,43.73,76.08,0.0687,8.1,4.57,7.4,0.928,Angry
56.77,66.47,104.33,0.0411,1.4,5.97,10.9,0.259,Happy
53.91,97.81,189.08,0.0259,1.7,6.23,10.9,0.094,Calm
34.52,126.35,320.8,0.0493,2.8,3.83,7.5,0.056,Sad
80.82,59.1,72.63,0.1242,9.2,5.0,8.0,0.794,Angry
65.17,82.31,112.2,0.0238,1.6,5.04,14.6,0.712,Happy
51.22,111.37,168.79,0.0274,1.1,5.32,16.1,0.081,Calm
67.58,77.48,141.25,0.0144,2.9,5.16,11.6,1.0,Happy
56.17,58.47,161.66,0.0549,2.0,5.62,12.2,0.58,Happy
71.76,69.85,83.69,0.0874,3.2,5.81,5.3,0.711,Angry
44.3,139.02,494.68,0.0264,6.5,5.41,8.5,0.103,Sad
82.98,56.09,87.81,0.0954,6.4,3.55,6.2,0.871,Angry
57.94,83.2,198.83,0.024,1.5,6.04,15.5,0.1,Calm
34.59,151.49,439.71,0.0915,5.8,5.19,4.2,0.073,Sad
50.48,93.86,178.26,0.0326,1.7,5.19,13.1,0.156,Calm
31.98,107.37,178.38,0.012,1.2,5.32,15.2,0.022,Calm
52.08,104.44,228.26,0.0198,1.1,4.96,16.8,0.13,Calm
65.19,94.12,147.61,0.0345,0.9,5.41,11.6,0.797,Happy
74.31,80.1,120.55,0.0346,2.2,4.9,12.1,0.523,Happy
78.37,46.83,125.84,0.156,4.7,5.91,7.8,0.819,Angry
31.06,117.34,415.15,0.0559,2.2,5.13,8.1,0.029,Sad
58.22,82.5,257.35,0.0014,1.0,5.46,14.8,0.179,Calm
60.68,72.22,155.88,0.0202,2.4,4.35,14.1,0.695,Happy
99.24,48.42,71.71,0.0783,7.6,4.55,11.2,0.66,Angry
33.88,111.29,385.77,0.0317,3.4,4.71,7.7,0.023,Sad
84.24,52.08,99.68,0.1038,6.0,3.89,6.3,0.554,Angry
73.81,99.58,113.11,0.035,1.5,5.15,17.3,0.299,Happy
63.71,84.04,206.59,0.0317,2.3,5.16,8.2,0.595,Happy
39.23,189.71,429.4,0.0437,5.4,4.79,7.8,0.068,Sad
91.08,59.31,52.09,0.0788,6.5,3.68,6.8,0.898,Angry
45.29,141.67,389.64,0.0616,2.9,5.01,10.3,0.082,Sad
55.32,86.0,195.92,0.0422,1.8,5.95,12.3,0.533,Happy
91.82,73.04,86.67,0.0252,6.0,5.64,6.6,0.766,Angry
57.2,87.87,184.76,0.0218,3.0,5.41,13.6,0.979,Happy
75.81,46.46,86.2,0.0618,6.2,4.1,10.6,1.0,Angry
55.41,93.67,247.08,0.0069,1.9,4.83,12.3,0.039,Calm
98.27,62.41,85.15,0.0897,5.5,5.04,7.4,1.0,Angry
32.36,151.54,226.43,0.0261,2.6,3.69,3.8,0.062,Sad
63.54,109.14,198.83,0.0214,2.4,4.9,13.4,0.167,Calm
76.46,55.39,71.78,0.1306,6.2,6.26,10.3,0.609,Angry
64.12,73.64,230.39,0.0116,2.6,5.56,12.7,0.133,Calm
59.27,61.33,147.52,0.0288,3.5,5.52,10.0,0.971,Happy
50.0,88.2,168.16,0.0219,1.4,5.28,14.9,0.186,Calm
75.95,64.59,102.5,0.0477,7.8,4.61,9.3,0.869,Angry
42.44,116.04,534.29,0.0118,6.0,4.37,8.7,0.052,Sad
52.86,111.48,202.73,0.0213,3.3,4.94,15.6,0.183,Calm
39.8,125.19,400.63,0.0435,3.8,4.63,5.0,0.02,Sad
115.36,48.08,57.59,0.0774,7.1,3.59,9.1,1.0,Angry
104.84,67.48,84.8,0.1146,5.0,5.94,15.0,0.859,Angry
62.88,59.96,169.06,0.0176,2.1,5.34,14.7,0.338,Happy
63.04,72.46,123.31,0.0218,1.9,5.37,12.6,0.765,Happy
30.0,146.4,394.82,0.0515,4.1,4.41,9.4,0.047,Sad
62.5,79.99,112.49,0.036,2.9,4.97,11.1,0.653,Happy
42.59,95.89,182.3,0.0201,2.3,5.28,10.3,0.202,Calm
46.4,132.81,242.63,0.0277,3.7,4.69,6.9,0.087,Sad
62.2,58.46,52.33,0.1271,8.6,4.17,6.7,0.731,Angry
20.29,124.07,419.31,0.027,4.6,4.38,10.5,0.097,Sad
75.72,49.55,94.49,0.1135,6.7,4.16,9.3,0.565,Angry
78.47,75.41,182.36,0.0296,1.8,5.64,13.3,0.285,Happy
84.3,69.92,58.68,0.0985,10.8,5.61,13.0,0.804,Angry
53.65,111.67,172.87,0.0139,2.7,5.32,17.2,0.145,Calm
67.61,67.49,177.72,0.0282,1.5,5.72,10.6,0.318,Happy
50.67,125.64,332.19,0.037,2.4,4.03,6.3,0.008,Sad
29.6,83.68,468.64,0.0334,1.0,4.59,8.6,0.046,Sad
64.68,65.69,153.84,0.0232,2.8,4.87,11.1,0.222,Happy
57.57,102.7,287.74,0.0296,1.5,5.14,12.9,0.07,Calm
60.83,82.05,152.5,0.0258,1.4,5.32,16.0,0.109,Calm
56.3,97.96,216.13,0.0017,1.3,4.91,16.6,0.097,Calm
87.24,59.47,65.42,0.0943,7.4,4.23,4.6,1.0,Angry
56.83,106.48,213.67,0.007,0.0,5.56,13.6,0.051,Calm
